{"type": "FeatureCollection", "features": [{"type": "Feature", "properties": {"NUTS_ID": "SI038", "LEVL_CODE": 3, "CNTR_CODE": "SI", "NAME_LATN": "Primorsko-notranjska", "NUTS_NAME": "Primorsko-notranjska", "MOUNT_TYPE": 3, "URBN_TYPE": 3, "COAST_TYPE": 2, "NAME_ENGL": "Slovenia", "NAME_FREN": "Slov\u00e9nie", "ISO3_CODE": "SVN", "SVRG_UN": "UN Member State", "CAPT": "Ljubljana", "EU_STAT": "T", "EFTA_STAT": "F", "CC_STAT": "F", "NAME_GERM": "Slowenien"}, "geometry": {"type": "MultiPolygon", "coordinates": [[[[14.327656, 45.89130249900006], [14.341197709000028, 45.879992369000036], [14.350751, 45.88444899900003], [14.356818980000071, 45.87128910300004], [14.36574950000005, 45.87055599900003], [14.372485500000039, 45.87759199900006], [14.390940495000052, 45.86481970500006], [14.392494287000034, 45.85981400700007], [14.399665500000026, 45.857105999000055], [14.404299500000036, 45.86446549900006], [14.409424159000025, 45.87221228400006], [14.418963500000075, 45.87156499900004], [14.432434, 45.85929499900004], [14.441379, 45.86112949900007], [14.45710306500007, 45.87187295900003], [14.462750065000023, 45.87178643900006], [14.466921, 45.868827499000076], [14.490724, 45.882258499000045], [14.490795, 45.88227999900005], [14.499674017000075, 45.875408486000026], [14.503073932000063, 45.86790461600003], [14.501948500000026, 45.86093199900006], [14.496286, 45.85906249900006], [14.497812828000065, 45.85165813900005], [14.506065500000034, 45.845364999000026], [14.505655, 45.84226799900006], [14.50534250000004, 45.83972949900004], [14.522906999000043, 45.827951221000035], [14.525244, 45.82319399900007], [14.528061, 45.821810999000036], [14.530787222000072, 45.81461641400006], [14.542035, 45.814219499000046], [14.54387550000007, 45.81415449900004], [14.54559, 45.81377449900003], [14.54691850000006, 45.813401999000064], [14.549071500000025, 45.81130499900007], [14.549579, 45.810613999000054], [14.550032500000043, 45.802166499000066], [14.550306500000033, 45.80170849900003], [14.553708473000029, 45.79840159500003], [14.561090500000034, 45.79621799900008], [14.564807500000029, 45.791461999000035], [14.56250650000004, 45.788763999000025], [14.557807500000024, 45.78839449900005], [14.548100745000056, 45.787876718000064], [14.545991, 45.78552649900007], [14.553672, 45.77994999900005], [14.554257500000062, 45.77866399900006], [14.557584, 45.779033999000035], [14.568399500000055, 45.77863449900008], [14.570685156000025, 45.76668003100008], [14.566977500000064, 45.76076199900007], [14.566657500000076, 45.76057299900003], [14.565702500000043, 45.754200999000034], [14.567191576000027, 45.75229763600004], [14.56828607600005, 45.75089858500007], [14.578675500000031, 45.73761649900007], [14.567191576000027, 45.735322893000045], [14.559898310000051, 45.73386621000003], [14.54689, 45.743104499000026], [14.537504, 45.73932399900008], [14.542324, 45.72498549900007], [14.548038500000075, 45.71644899900008], [14.551656, 45.71147049900003], [14.552935500000046, 45.70888849900007], [14.553631, 45.70678049900005], [14.55474, 45.70314599900007], [14.555396500000029, 45.699819999000056], [14.55652850000007, 45.69825799900008], [14.557678, 45.69714599900004], [14.561205, 45.67486099900003], [14.567191576000027, 45.67355833500005], [14.570012500000075, 45.67294449900004], [14.567191576000027, 45.65905017100005], [14.565760057000034, 45.65199797300005], [14.543400908000024, 45.622190587000034], [14.535335, 45.61497249900003], [14.513539812000033, 45.60734439100003], [14.502324, 45.60812099900005], [14.507186925000042, 45.59073602900003], [14.502518364000025, 45.57967252800006], [14.49953916000004, 45.575660165000045], [14.497665208000058, 45.56228309000005], [14.499469409000028, 45.54941455300008], [14.488347, 45.536853499000074], [14.475062746000049, 45.53321441500003], [14.456122415000038, 45.520614058000035], [14.442561857000044, 45.51648738400007], [14.436676552000051, 45.510974634000036], [14.428743006000047, 45.50785664800003], [14.416642999000032, 45.50954251500008], [14.402149, 45.504264499000044], [14.394491539000057, 45.49476462700005], [14.38763632000007, 45.49358975100006], [14.37874675300003, 45.48848079700008], [14.377176959000053, 45.48774554100004], [14.361011500000075, 45.484420499000066], [14.348551618000045, 45.484768333000034], [14.32463320100004, 45.471449058000076], [14.322776500000032, 45.47041499900007], [14.321624775000032, 45.471449058000076], [14.319997, 45.47291049900008], [14.31663, 45.48297399900008], [14.305983500000025, 45.480192499000054], [14.300038500000028, 45.48206799900004], [14.291022, 45.484911999000076], [14.28801089700005, 45.48848079700008], [14.286429500000054, 45.49035499900003], [14.277162984000029, 45.48922369500008], [14.266261289000056, 45.48288160800007], [14.252628500000071, 45.49657999900006], [14.244987500000036, 45.50537699900008], [14.228987352000047, 45.50393654900006], [14.223883241000067, 45.50123983800006], [14.220085038000036, 45.49405899000004], [14.214289, 45.492548999000064], [14.21114205300006, 45.48848079700008], [14.207198391000077, 45.483382231000064], [14.206725636000044, 45.471449058000076], [14.20666337700004, 45.46987733800006], [14.201470694000022, 45.471449058000076], [14.17854786600003, 45.478386810000075], [14.163839500000051, 45.47979649900003], [14.152728962000026, 45.48061969400004], [14.141470918000039, 45.47519141200007], [14.127821, 45.47741299900008], [14.12522043100006, 45.47833821100005], [14.123007500000028, 45.47912549900008], [14.120740500000068, 45.48012149900006], [14.118196500000067, 45.48123899900003], [14.12522043100006, 45.483928598000034], [14.127411438000024, 45.48848079700008], [14.129435755000031, 45.49268634300006], [14.12522043100006, 45.50251307800005], [14.123607418000063, 45.50607520400007], [14.124678, 45.51391949900005], [14.114286893000042, 45.50745623800003], [14.103598078000061, 45.51673565400006], [14.101615349000042, 45.51699033600005], [14.094429133000062, 45.517913399000065], [14.090542, 45.516470999000035], [14.092229906000057, 45.52299604400008], [14.101575187000037, 45.53202618700004], [14.101615349000042, 45.54252166900005], [14.101135500000055, 45.542463499000064], [14.101615349000042, 45.54386604600006], [14.102997661000074, 45.54790619900007], [14.111929974000077, 45.55338603400003], [14.113480593000077, 45.56431145600004], [14.118231500000036, 45.56985699900008], [14.106490500000064, 45.57262949900007], [14.101615349000042, 45.56880556300007], [14.100136409000072, 45.56764547100005], [14.093357500000025, 45.57078099900008], [14.09505050000007, 45.57507649900003], [14.092603929000063, 45.58014667600003], [14.094422310000027, 45.586829271000056], [14.092036, 45.58842549900004], [14.101615349000042, 45.59454681500006], [14.106376413000078, 45.59758894200007], [14.115561, 45.60676999900005], [14.112423, 45.608539499000074], [14.101615349000042, 45.61179666800007], [14.09972695600004, 45.612700801000074], [14.097067500000037, 45.61598249900004], [14.09722750000003, 45.625132499000074], [14.085946754000076, 45.63018574800003], [14.083164500000066, 45.63143199900003], [14.085946754000076, 45.63297068300005], [14.091948541000022, 45.63628973800007], [14.087329167000064, 45.64107935900006], [14.086333500000023, 45.64811099900004], [14.085946754000076, 45.648407244000055], [14.078639876000068, 45.654003972000055], [14.073831614000028, 45.65474811800004], [14.079254380000066, 45.66502014300005], [14.078521500000022, 45.67116949900003], [14.079870500000027, 45.67696199900007], [14.07787113300003, 45.681539462000046], [14.073831614000028, 45.682428892000075], [14.068508872000052, 45.68355163900003], [14.067097500000045, 45.68623199900003], [14.073831614000028, 45.707679581000036], [14.080619270000057, 45.710817589000044], [14.085946754000076, 45.71041613500006], [14.09510791200006, 45.709725787000025], [14.099432500000034, 45.715827999000055], [14.09933, 45.71626799900008], [14.095383995000077, 45.72501084400005], [14.090848196000024, 45.72841222800008], [14.09313873700006, 45.73157217500005], [14.085946754000076, 45.73374054300007], [14.083473901000048, 45.73846397900007], [14.085946754000076, 45.74099593200003], [14.085946754000076, 45.74131588000006], [14.078337, 45.74701899900003], [14.073831614000028, 45.749360755000055], [14.054015500000048, 45.75149949900003], [14.047683, 45.75351649900006], [14.042371500000058, 45.76135899900004], [14.045668557000056, 45.76917731200007], [14.047436, 45.77336799900007], [14.054019500000038, 45.770687999000074], [14.056197309000027, 45.798489224000036], [14.063699722000024, 45.80326276900007], [14.066945500000031, 45.79824749900007], [14.069383, 45.80872749900004], [14.07028, 45.81281099900008], [14.049503500000071, 45.83733749900006], [14.073831614000028, 45.84272203000006], [14.085946754000076, 45.84540327500008], [14.086551, 45.845536999000046], [14.100459353000076, 45.848880018000045], [14.103793, 45.85503149900006], [14.111225796000042, 45.861995156000035], [14.121759488000066, 45.86481868700008], [14.12522043100006, 45.86689065500008], [14.129577500000039, 45.86949899900003], [14.132978839000032, 45.87265074600003], [14.149114348000069, 45.87668030300006], [14.157443440000065, 45.872381964000056], [14.17449, 45.87412999900005], [14.189667984000039, 45.87851596100006], [14.200398500000063, 45.87435449900005], [14.20728430400004, 45.868802333000076], [14.215079091000064, 45.869203811000034], [14.220379498000057, 45.86676579500005], [14.224060121000036, 45.86332224600005], [14.222373646000051, 45.85899482900004], [14.231303500000024, 45.85830249900005], [14.232586500000025, 45.85911149900005], [14.243614151000031, 45.859465742000054], [14.241264271000034, 45.85562918100004], [14.250872859000026, 45.849999265000065], [14.260953500000028, 45.85643699900004], [14.26014850000007, 45.85159549900004], [14.271407275000058, 45.85249244900007], [14.278621, 45.84699799900005], [14.302062, 45.88239049900005], [14.300487500000031, 45.88681949900007], [14.312046293000037, 45.89279312300005], [14.318758803000037, 45.89366430700005], [14.327656, 45.89130249900006]]]]}}, {"type": "Feature", "properties": {"NUTS_ID": "SI036", "LEVL_CODE": 3, "CNTR_CODE": "SI", "NAME_LATN": "Posavska", "NUTS_NAME": "Posavska", "MOUNT_TYPE": 2, "URBN_TYPE": 3, "COAST_TYPE": 3, "NAME_ENGL": "Slovenia", "NAME_FREN": "Slov\u00e9nie", "ISO3_CODE": "SVN", "SVRG_UN": "UN Member State", "CAPT": "Ljubljana", "EU_STAT": "T", "EFTA_STAT": "F", "CC_STAT": "F", "NAME_GERM": "Slowenien"}, "geometry": {"type": "MultiPolygon", "coordinates": [[[[15.122822426000027, 46.086303401000066], [15.138948500000026, 46.08616049900007], [15.141165215000058, 46.087168028000065], [15.154900500000053, 46.09341049900007], [15.156491, 46.09122799900007], [15.171785, 46.08347699900003], [15.17120250000005, 46.08014249900003], [15.174753, 46.07762849900007], [15.18066250000004, 46.078809499000045], [15.182775, 46.07836449900003], [15.185648318000062, 46.08335497200005], [15.196233157000052, 46.085350024000036], [15.198741, 46.08228199900003], [15.208878476000052, 46.08225331500006], [15.217683, 46.08708899900006], [15.219456, 46.08599849900003], [15.221324, 46.08446699900003], [15.223692, 46.083596999000065], [15.234374, 46.077269999000066], [15.247361480000052, 46.07734874400006], [15.256127527000046, 46.08025753900006], [15.261932693000062, 46.08478258700006], [15.261815500000068, 46.08871249900005], [15.263138500000025, 46.08906649900007], [15.267511769000066, 46.08388488700007], [15.26636757500006, 46.07509636300006], [15.273777315000075, 46.07443476000003], [15.274841, 46.07183549900003], [15.272965659000022, 46.06008645600008], [15.28261150000003, 46.05496399900005], [15.281767087000048, 46.068340972000044], [15.297560231000034, 46.06828998200007], [15.305190500000037, 46.072924999000065], [15.309031, 46.07376049900006], [15.317871785000023, 46.074984665000045], [15.333880500000078, 46.07344799900005], [15.34287501700004, 46.07243439500007], [15.358607500000062, 46.074185999000065], [15.370669, 46.06922099900004], [15.373321500000031, 46.07112249900007], [15.379473390000044, 46.07336291100006], [15.385621, 46.07285249900008], [15.389651146000062, 46.06884517900005], [15.394546500000047, 46.06773799900003], [15.408235500000046, 46.065968499000064], [15.430795, 46.06746449900004], [15.442885493000063, 46.06992771100005], [15.453259345000049, 46.06730674900007], [15.470768, 46.070959499000026], [15.472713500000054, 46.071724999000025], [15.47920350000004, 46.07026999900006], [15.482941500000038, 46.06900999900006], [15.496480133000034, 46.061526179000055], [15.498454500000037, 46.05783099900003], [15.505422527000064, 46.05997748000004], [15.510263934000022, 46.06431275700004], [15.516323929000066, 46.06416335000006], [15.522692711000047, 46.06147740200004], [15.53056250000003, 46.04869699900007], [15.532239452000056, 46.048678093000035], [15.538767, 46.04860449900008], [15.543161887000053, 46.04144783500004], [15.541643, 46.03470099900005], [15.546496111000067, 46.02537063400007], [15.54604450000005, 46.02007449900003], [15.557413, 46.023089999000035], [15.56388623500004, 46.02199476000004], [15.566179317000035, 46.02286935200004], [15.573946, 46.02583149900005], [15.580592, 46.02486999900003], [15.595296, 46.02639499900005], [15.588887619000047, 46.017489117000025], [15.590040485000031, 46.01392117800003], [15.581736909000028, 46.00516436400005], [15.576793241000075, 46.00431076500007], [15.572316396000076, 46.00019406800004], [15.570590500000037, 45.99818849900004], [15.578302500000063, 45.99616099900004], [15.579680719000066, 45.99797119100003], [15.586721545000046, 46.00019406800004], [15.591562500000066, 46.00113149900005], [15.604773500000022, 46.004958499000054], [15.611799653000048, 46.01143548300007], [15.623977032000028, 46.01542498800006], [15.641703, 46.02731349900006], [15.651795500000048, 46.03062999900004], [15.649469656000065, 46.03312718800004], [15.65461166600005, 46.03672292200008], [15.644349500000033, 46.04050749900006], [15.634230500000058, 46.03577749900006], [15.623485004000031, 46.03510834400004], [15.615045104000046, 46.038758777000055], [15.606981500000074, 46.03906599900006], [15.601675500000056, 46.05014299900006], [15.597767500000032, 46.06873499900007], [15.599310024000033, 46.07208359400005], [15.60597315700005, 46.07514904300007], [15.614059, 46.071401499000046], [15.627262, 46.08595349900003], [15.636060426000029, 46.08381817500003], [15.642163, 46.086809499000026], [15.648544, 46.08719199900003], [15.650004, 46.08282149900003], [15.654806505000067, 46.08350119800008], [15.658248658000048, 46.07991402300007], [15.658368, 46.07125049900003], [15.669351466000023, 46.07355128900008], [15.673497118000057, 46.071038775000034], [15.680386677000058, 46.070743426000035], [15.683095500000036, 46.06686299900008], [15.70668825100006, 46.059116731000074], [15.714650500000062, 46.05941749900006], [15.719908500000031, 46.05487149900006], [15.731498530000067, 46.043976333000046], [15.717635527000027, 46.03670196400003], [15.716906, 46.03161599900005], [15.718963245000054, 46.02795447800003], [15.713322990000052, 46.02376017900008], [15.715830500000038, 46.020416999000076], [15.709478, 46.01698949900003], [15.706839144000071, 46.014586810000026], [15.714291584000023, 46.01033990800005], [15.711817500000052, 46.009558499000036], [15.710867811000071, 46.00429530200006], [15.70066550000007, 45.99868249900004], [15.705669487000023, 45.989796339000065], [15.701001500000075, 45.98958399900005], [15.704752001000031, 45.98597515500006], [15.706407500000068, 45.975261999000054], [15.707182, 45.97087999900003], [15.707652, 45.968222499000035], [15.709366, 45.96372049900003], [15.710017, 45.96201049900003], [15.709719500000062, 45.96134249900007], [15.708387259000062, 45.94499056400008], [15.709487075000027, 45.94327026000008], [15.711932500000046, 45.939444999000045], [15.708670013000074, 45.93831647700006], [15.709196, 45.931433999000035], [15.703346500000066, 45.92703799900005], [15.707122216000073, 45.92474959000003], [15.706477113000062, 45.92135760300005], [15.700933719000034, 45.91999747800003], [15.699380225000027, 45.91590622900003], [15.692281500000036, 45.91208349900006], [15.68663, 45.908555499000045], [15.680291719000024, 45.90418329100004], [15.681438, 45.89747199900006], [15.681449, 45.89611849900007], [15.683646829000054, 45.88782022400005], [15.690891327000031, 45.88452846600006], [15.689029284000071, 45.88170403200007], [15.682226059000072, 45.88070490900003], [15.679743, 45.876404999000044], [15.68159939700007, 45.87062122300006], [15.67752, 45.86888799900004], [15.679815500000075, 45.86736799900007], [15.68290950000005, 45.86400399900003], [15.684978, 45.86260249900005], [15.695984485000054, 45.85956489500006], [15.702761509000027, 45.85374500900008], [15.708988500000032, 45.84641299900005], [15.702967559000058, 45.845409404000065], [15.696898834000024, 45.84893944000004], [15.692569934000062, 45.84335030700004], [15.683968, 45.84267999900004], [15.665273489000072, 45.84075763700008], [15.660374691000072, 45.83680043600003], [15.651512573000048, 45.83122840000004], [15.642265872000053, 45.82123534100003], [15.63476735300003, 45.825580254000045], [15.632537, 45.830640999000025], [15.614107215000047, 45.83570142600007], [15.607193725000059, 45.84115961100008], [15.593774, 45.84493049900004], [15.578308500000048, 45.849462499000026], [15.572524410000028, 45.852979762000075], [15.570441, 45.849574999000026], [15.566179317000035, 45.84624271700005], [15.563539500000047, 45.844178499000066], [15.559812055000066, 45.836268217000054], [15.552877881000029, 45.840137223000056], [15.551013, 45.84545649900008], [15.549455, 45.84625999900004], [15.543075500000043, 45.84621799900003], [15.538551, 45.84760249900006], [15.53778, 45.842193499000075], [15.538817944000073, 45.836491839000075], [15.53543023900005, 45.829685389000076], [15.532239452000056, 45.827961714000025], [15.521082, 45.821933999000066], [15.503566110000065, 45.82229578400006], [15.502911, 45.82855049900007], [15.49697132600005, 45.82920232500004], [15.49273450000004, 45.832028499000046], [15.486532109000052, 45.829344949000074], [15.48316271400006, 45.82875464700004], [15.47925250000003, 45.82759999900003], [15.4789, 45.827495999000064], [15.475547500000062, 45.81901249900005], [15.472216036000077, 45.81752249800007], [15.46613846400004, 45.818367419000026], [15.474194910000051, 45.79861316600005], [15.465218634000053, 45.79455799200008], [15.456464500000038, 45.794594999000026], [15.431984, 45.79503949900004], [15.412590500000022, 45.79509549900007], [15.40827050300004, 45.791934593000065], [15.404425, 45.79271699900005], [15.40052593300004, 45.80513326400006], [15.389588500000059, 45.81314549900003], [15.380708491000064, 45.81385777700007], [15.375886500000036, 45.82332549900008], [15.375836, 45.82632299900007], [15.376298, 45.82670499900007], [15.376584, 45.83149349900003], [15.379713, 45.83190349900008], [15.383114, 45.83337699900005], [15.380480500000033, 45.84097699900008], [15.376300662000062, 45.84793532100008], [15.368617500000028, 45.85074049900004], [15.367554790000042, 45.85265841200004], [15.371584, 45.855277999000066], [15.376609, 45.85361699900005], [15.382199066000055, 45.858191591000036], [15.395230500000025, 45.86102199900006], [15.397806500000058, 45.86467549900004], [15.383235, 45.865222999000025], [15.380839500000036, 45.873560499000064], [15.378059500000063, 45.87404149900004], [15.379111500000022, 45.88439099900006], [15.369584616000054, 45.887168133000046], [15.368903, 45.889534999000034], [15.356432219000055, 45.88939785200006], [15.348816, 45.887041999000076], [15.338478502000044, 45.88896523500006], [15.334917500000074, 45.89152449900007], [15.334727500000042, 45.89310949900005], [15.33862349800006, 45.89418238600007], [15.344102944000042, 45.900540008000064], [15.344054500000027, 45.90909849900004], [15.343853, 45.91009299900003], [15.34305405200007, 45.91822529900003], [15.342008, 45.928870999000026], [15.347400500000049, 45.93316149900005], [15.351226500000053, 45.93760399900003], [15.33997811300003, 45.94327026000008], [15.333101500000055, 45.94673399900006], [15.332462500000076, 45.95503849900007], [15.332088, 45.959703999000055], [15.32688550000006, 45.95711799900005], [15.304472, 45.96079149900004], [15.302192, 45.95964249900004], [15.305582694000066, 45.95400057200004], [15.304147937000039, 45.95038911100005], [15.288764, 45.95666349900006], [15.288601, 45.95715699900006], [15.279108, 45.96005099900003], [15.278109500000028, 45.95860199900005], [15.27577750000006, 45.95712599900003], [15.272146500000076, 45.95066049900004], [15.279812465000077, 45.94327026000008], [15.281242500000076, 45.93842199900007], [15.273427500000025, 45.93534999900004], [15.268831500000033, 45.936195499000064], [15.264367591000052, 45.94327026000008], [15.262304, 45.94654049900004], [15.254020500000024, 45.95152599900007], [15.252533500000027, 45.950818499000036], [15.251219500000047, 45.94970549900006], [15.249093, 45.948742999000046], [15.246725500000025, 45.948626999000055], [15.247194765000074, 45.94327026000008], [15.246418241000072, 45.94186383600004], [15.239459199000066, 45.939031742000054], [15.23523, 45.932731999000055], [15.23139150000003, 45.93738099900003], [15.222550500000068, 45.93491099900007], [15.22525, 45.928558499000076], [15.217019396000069, 45.92904071500004], [15.208922054000027, 45.93300821300005], [15.201796985000044, 45.93319579400003], [15.194664500000044, 45.936113499000044], [15.193897500000048, 45.93761249900007], [15.19199750000007, 45.94014949900003], [15.186791500000027, 45.940401499000075], [15.184495646000073, 45.94327026000008], [15.182188650000057, 45.946152795000046], [15.171565500000042, 45.95146899900004], [15.171952500000032, 45.95240749900006], [15.166710500000022, 45.95556299900005], [15.162830432000021, 45.95756026500004], [15.160987, 45.96443149900006], [15.161756, 45.96574799900003], [15.157496, 45.96594249900005], [15.154175, 45.96927799900004], [15.148260500000049, 45.97813399900008], [15.151579863000052, 45.98401754300005], [15.159958500000073, 45.985208999000065], [15.163461, 45.99463649900008], [15.162674302000028, 45.99752398900006], [15.166065, 45.998470499000064], [15.159907500000031, 45.998717999000064], [15.154024177000053, 45.996284625000044], [15.149627, 45.99728349900005], [15.147836633000054, 45.99237362200006], [15.141165215000058, 45.991231861000074], [15.135865211000066, 45.990324790000045], [15.131710500000054, 45.98294549900004], [15.13066, 45.982984499000054], [15.12797850000004, 45.99641499900008], [15.127625092000073, 46.00006288800006], [15.122822426000027, 46.00213874100007], [15.114598500000056, 46.00389499900007], [15.109732, 46.00573999900007], [15.10713271000003, 46.009093875000076], [15.105943140000022, 46.01062871500005], [15.09940750000004, 46.01895899900006], [15.09098350000005, 46.028538999000034], [15.09216, 46.02913649900006], [15.089987, 46.03143249900006], [15.088497, 46.04075099900007], [15.076611, 46.042669999000054], [15.076424, 46.04286299900008], [15.072359848000076, 46.046318101000054], [15.067111, 46.05964299900006], [15.068204500000036, 46.05988049900003], [15.06730650000003, 46.06552249900005], [15.075693140000055, 46.07067591900005], [15.08361, 46.06793549900004], [15.085120102000076, 46.074496372000056], [15.082839500000034, 46.07715949900006], [15.085885613000073, 46.07866425600008], [15.096496880000075, 46.07797720900004], [15.102410500000076, 46.08221899900008], [15.098574976000066, 46.08380154200006], [15.102051500000073, 46.09368949900005], [15.10713271000003, 46.09165331000003], [15.110242529000061, 46.090407078000055], [15.119706156000063, 46.08975488100003], [15.122822426000027, 46.086303401000066]]]]}}, {"type": "Feature", "properties": {"NUTS_ID": "SI043", "LEVL_CODE": 3, "CNTR_CODE": "SI", "NAME_LATN": "Gori\u0161ka", "NUTS_NAME": "Gori\u0161ka", "MOUNT_TYPE": 3, "URBN_TYPE": 3, "COAST_TYPE": 2, "NAME_ENGL": "Slovenia", "NAME_FREN": "Slov\u00e9nie", "ISO3_CODE": "SVN", "SVRG_UN": "UN Member State", "CAPT": "Ljubljana", "EU_STAT": "T", "EFTA_STAT": "F", "CC_STAT": "F", "NAME_GERM": "Slowenien"}, "geometry": {"type": "MultiPolygon", "coordinates": [[[[13.652427500000044, 46.444483999000056], [13.655625507000025, 46.43988191600005], [13.673852643000032, 46.440037275000066], [13.67608831800004, 46.44005633100005], [13.684032, 46.43747249900008], [13.67835991000004, 46.42418625600004], [13.680218, 46.421230999000045], [13.682972090000021, 46.42026721600007], [13.706234928000072, 46.42648539100003], [13.722140357000058, 46.43325235300006], [13.726932500000032, 46.43595749900004], [13.738751361000027, 46.43840002200005], [13.756123701000035, 46.42519305400003], [13.778522658000043, 46.42232644000006], [13.80143030000005, 46.41064879000004], [13.80753, 46.41065199900004], [13.813026711000077, 46.40797135100007], [13.811909230000026, 46.40229265800008], [13.816073252000024, 46.387343040000076], [13.824753048000048, 46.381472115000065], [13.834234732000027, 46.38171707400005], [13.836441500000035, 46.37835249900007], [13.826070388000062, 46.364221213000064], [13.815111474000048, 46.35962496500008], [13.807507826000062, 46.35944676500003], [13.80217226700006, 46.35619060500005], [13.790902432000053, 46.35614789700003], [13.767494, 46.34405349900004], [13.754748112000073, 46.34157417500006], [13.746101500000066, 46.33748549900008], [13.74158273200004, 46.33180597100005], [13.745610051000028, 46.31205143300008], [13.724821500000076, 46.29679499900004], [13.731194301000073, 46.29263229500003], [13.730381690000058, 46.28576218500007], [13.735041500000023, 46.28161249900006], [13.737212364000072, 46.27718547300003], [13.746815017000074, 46.273054553000065], [13.756899, 46.26069349900007], [13.77183305400007, 46.25977920300005], [13.783085269000026, 46.25204513500006], [13.812506, 46.238405499000066], [13.834336250000035, 46.23828425700003], [13.853108399000064, 46.23253628600003], [13.85781941700003, 46.22879858600004], [13.86496950000003, 46.22778849900004], [13.865228, 46.22770199900003], [13.875891, 46.22593049900007], [13.884349070000042, 46.22862559200007], [13.89713050000006, 46.22646799900008], [13.90300650000006, 46.230274499000075], [13.931512, 46.231137999000055], [13.93324350000006, 46.230653999000026], [13.947083500000076, 46.23151099900008], [13.954703393000045, 46.236461664000046], [13.967583989000047, 46.233699983000065], [13.978396, 46.238691999000025], [13.980148, 46.23779499900007], [13.993444, 46.23692649900005], [14.006016165000062, 46.229366896000045], [14.006995500000073, 46.21737649900007], [14.00462628300005, 46.20995009400008], [13.995342109000035, 46.20741285200006], [13.992376500000034, 46.204488499000036], [13.988738, 46.194442999000046], [13.988221, 46.19295499900005], [13.989457500000071, 46.19122049900005], [13.986403359000064, 46.18393681500004], [13.987099096000065, 46.17711819500005], [13.998992945000055, 46.16979660700008], [14.010860500000035, 46.17078599900003], [14.016930830000035, 46.17186108900006], [14.026908656000046, 46.16966600400008], [14.039553402000024, 46.171406011000045], [14.071637605000035, 46.16560805200004], [14.073831614000028, 46.15649379400003], [14.065629500000057, 46.147167499000034], [14.057329644000049, 46.139561135000065], [14.058346, 46.13244199900004], [14.052022154000042, 46.12948648400004], [14.047881, 46.12387049900008], [14.042853713000056, 46.11293006500006], [14.030834482000046, 46.10727677500006], [14.022469500000057, 46.098749499000064], [14.022356500000058, 46.09862399900004], [14.018399, 46.08840499900003], [14.018670500000042, 46.08767499900006], [14.019224141000052, 46.08409041800007], [14.023673159000055, 46.08013694400006], [14.023483867000039, 46.07717395600008], [14.027252830000066, 46.07301511800006], [14.029335500000059, 46.072347499000045], [14.030454, 46.07195199900008], [14.054648500000042, 46.06169899900004], [14.071542500000078, 46.051517999000055], [14.073831614000028, 46.05114377600006], [14.076888500000052, 46.05028249900005], [14.076337136000063, 46.04721378000005], [14.080916500000058, 46.04114599900004], [14.081116500000064, 46.03920449900005], [14.078607, 46.039543999000045], [14.085366560000068, 46.03666217400007], [14.079284500000028, 46.02907799900004], [14.078763500000036, 46.026778999000044], [14.085946754000076, 46.031933742000035], [14.088557308000077, 46.03165202800005], [14.095506500000056, 46.035431999000025], [14.10228, 46.033577499000046], [14.099409, 46.03202299900005], [14.101615349000042, 46.029942332000076], [14.104317500000036, 46.027393999000026], [14.102989322000042, 46.022096058000045], [14.107889123000064, 46.01713933500008], [14.104734, 46.012711499000034], [14.104705500000023, 46.01131749900003], [14.112250500000073, 46.01192599900003], [14.121383, 46.006030499000076], [14.121124500000064, 46.00521699900003], [14.12522043100006, 46.005139858000064], [14.137398500000074, 46.00491049900006], [14.140111500000046, 46.00465849900007], [14.145379, 46.00208199900004], [14.139989071000059, 45.99740226100005], [14.144956500000035, 45.99353449900008], [14.136436285000059, 45.99258965900003], [14.134569, 45.98803599900003], [14.129056086000048, 45.980404246000035], [14.12522043100006, 45.980172786000026], [14.113543443000026, 45.97946814100004], [14.112795500000061, 45.97645699900005], [14.107154, 45.972477999000034], [14.110221113000023, 45.96595215200006], [14.118083066000054, 45.96705923700006], [14.120170500000029, 45.95141249900007], [14.112385521000022, 45.94766735700006], [14.111553835000052, 45.94327026000008], [14.11022719600004, 45.93625562900007], [14.101615349000042, 45.93222332000005], [14.097942500000045, 45.930503499000054], [14.101615349000042, 45.92205321900008], [14.101918166000075, 45.91822529900003], [14.10258725400007, 45.90976639100006], [14.120917500000076, 45.896186499000066], [14.124051500000064, 45.87854949900003], [14.12522043100006, 45.87663514400003], [14.129577500000039, 45.86949899900003], [14.12522043100006, 45.86689065500008], [14.121759488000066, 45.86481868700008], [14.111225796000042, 45.861995156000035], [14.103793, 45.85503149900006], [14.100459353000076, 45.848880018000045], [14.086551, 45.845536999000046], [14.085946754000076, 45.84540327500008], [14.073831614000028, 45.84272203000006], [14.049503500000071, 45.83733749900006], [14.07028, 45.81281099900008], [14.069383, 45.80872749900004], [14.066945500000031, 45.79824749900007], [14.063699722000024, 45.80326276900007], [14.056197309000027, 45.798489224000036], [14.054019500000038, 45.770687999000074], [14.047436, 45.77336799900007], [14.045668557000056, 45.76917731200007], [14.042371500000058, 45.76135899900004], [14.025839776000055, 45.76917731200007], [14.019080235000047, 45.77237377200004], [14.011116686000037, 45.77178406200005], [14.008641946000068, 45.76917731200007], [14.006482001000052, 45.766902049000066], [13.995938, 45.76617549900004], [13.998515892000057, 45.76917731200007], [13.992402500000026, 45.77396499900004], [13.978490500000078, 45.77997749900004], [13.967848, 45.78386799900005], [13.957989, 45.786702999000056], [13.957437, 45.78928349900008], [13.949790976000031, 45.78870623000006], [13.934192834000044, 45.79302072400003], [13.926557, 45.799934499000074], [13.920238, 45.804178499000045], [13.909135500000048, 45.80942699900004], [13.9079, 45.81142149900006], [13.905779953000035, 45.81408994000003], [13.901318500000059, 45.81437299900006], [13.902818500000024, 45.81787399900003], [13.897526154000047, 45.81772660900003], [13.896620477000056, 45.823266465000074], [13.89131, 45.82399449900004], [13.892101, 45.82882149900007], [13.875252122000063, 45.82643608600006], [13.87344950000005, 45.82447699900007], [13.86742, 45.82572799900004], [13.855990500000075, 45.826058499000055], [13.846823404000077, 45.828996354000026], [13.841179500000067, 45.83398949900004], [13.840359, 45.83532149900003], [13.835709, 45.838306999000054], [13.823917, 45.843199999000035], [13.818211, 45.84270749900003], [13.811046605000058, 45.84148970100006], [13.811464500000056, 45.83547549900004], [13.789873, 45.83387249900005], [13.786370678000026, 45.83643167500003], [13.782987890000072, 45.83800509100007], [13.776540693000072, 45.84039241700003], [13.774548500000037, 45.84060199900006], [13.771631500000069, 45.840948499000035], [13.771515500000078, 45.84096499900005], [13.765226522000034, 45.84800365500007], [13.755558, 45.851938999000026], [13.74211850000006, 45.85820049900008], [13.735396, 45.85951249900006], [13.722140357000058, 45.86186598900008], [13.715857, 45.86351399900008], [13.71887892500007, 45.856449732000044], [13.715965, 45.84317149900005], [13.702567, 45.83520999900003], [13.689734, 45.83494249900008], [13.689528, 45.834831499000074], [13.689246, 45.83402349900007], [13.682459, 45.81612049900008], [13.673852643000032, 45.81606910900007], [13.661692500000072, 45.81599649900005], [13.65687, 45.815867999000034], [13.650255, 45.81696899900004], [13.642727, 45.81977599900006], [13.634725, 45.81951999900008], [13.630681500000037, 45.819093499000076], [13.625466500000073, 45.81921999900004], [13.62284950000003, 45.81888249900004], [13.620029500000044, 45.819469499000036], [13.61419, 45.819344999000066], [13.611905, 45.81911949900007], [13.607659500000068, 45.81958049900004], [13.597145, 45.81952249900007], [13.593308500000035, 45.82265599900006], [13.588361896000038, 45.83493904300008], [13.576667918000055, 45.84242189200006], [13.575802500000066, 45.847736499000064], [13.576047543000072, 45.85353393200006], [13.58283, 45.862824499000055], [13.58666893800006, 45.87023721500003], [13.592214054000067, 45.87459101800005], [13.586661, 45.88071199900003], [13.589887500000032, 45.88654299900003], [13.596599800000035, 45.894519900000034], [13.60804283400006, 45.89906276800008], [13.611410500000034, 45.90376799900008], [13.614065500000038, 45.907474499000045], [13.620602314000053, 45.91822529900003], [13.626906, 45.923095499000055], [13.637201398000059, 45.93493797200006], [13.637172500000077, 45.93802549900005], [13.635433500000033, 45.943077499000026], [13.633509, 45.950468999000066], [13.636738, 45.961564999000075], [13.639911, 45.97189349900003], [13.642060780000065, 45.982754741000065], [13.636884641000051, 45.98684904400005], [13.633007038000073, 45.98839772300005], [13.620869, 45.98459599900008], [13.608729694000033, 45.98475939800005], [13.60494650000004, 45.98685149900007], [13.604450500000041, 45.986815499000045], [13.59041602600007, 45.989255780000065], [13.578003, 45.98321949900003], [13.568724617000044, 45.96986972800005], [13.562943500000074, 45.96964899900007], [13.549970100000053, 45.970045663000064], [13.544784396000068, 45.96593505900006], [13.539482500000076, 45.96539149900008], [13.529118206000021, 45.96715388400003], [13.526538, 45.97231849900004], [13.519398359000036, 45.97409399500003], [13.515241500000059, 45.97875299900005], [13.502542121000033, 45.98056887000007], [13.495715500000074, 45.986014999000076], [13.494983, 45.986665499000026], [13.48544667300007, 45.999638548000064], [13.478629500000068, 46.00355199900008], [13.477105270000038, 46.00624529000004], [13.480367391000073, 46.00920404400006], [13.481214228000056, 46.01167477700005], [13.491603500000053, 46.01439799900004], [13.496776566000051, 46.017012462000025], [13.504452, 46.02768749900008], [13.508101500000066, 46.03392549900008], [13.509443751000049, 46.04194065400003], [13.507710625000072, 46.045537238000065], [13.504030500000056, 46.046415499000034], [13.497611773000074, 46.048227661000055], [13.496939, 46.05133499900006], [13.497810500000071, 46.051457999000036], [13.497109709000028, 46.05777737200003], [13.501998135000065, 46.06150391300008], [13.514244, 46.061874499000055], [13.530244500000038, 46.06738349900007], [13.544673008000075, 46.082385644000055], [13.572594500000037, 46.08854199900003], [13.579760288000045, 46.09764435400007], [13.587952, 46.10045549900008], [13.595540353000047, 46.10467122800003], [13.602479500000072, 46.11311849900005], [13.622023, 46.12321049900004], [13.632600345000071, 46.133452979000026], [13.643761665000056, 46.13734735200006], [13.652413500000023, 46.14771049900003], [13.655170681000072, 46.154371], [13.653471, 46.15862949900003], [13.664052, 46.17044049900005], [13.666057790000025, 46.17416781000003], [13.664347500000076, 46.177549999000064], [13.658389701000033, 46.18418170600006], [13.648923, 46.18809549900004], [13.645342500000027, 46.18921449900006], [13.637024500000052, 46.19067749900006], [13.633614500000022, 46.191790999000034], [13.614582, 46.184325999000066], [13.611971794000056, 46.18885386800008], [13.602252500000077, 46.18832899900008], [13.589854, 46.18828349900008], [13.589540562000025, 46.19061190900004], [13.586782679000066, 46.19020415300008], [13.577783368000041, 46.185592787000076], [13.573008474000062, 46.184873648000064], [13.569866772000069, 46.18678420900005], [13.56660471400005, 46.18617490400004], [13.56540556300007, 46.18782684800004], [13.566064, 46.19503699900008], [13.560664298000063, 46.20465042400008], [13.54558, 46.21216799900003], [13.53746250000006, 46.21343499900007], [13.529461500000025, 46.21221399900003], [13.52907, 46.21890399900008], [13.524830500000064, 46.21789449900007], [13.515070085000048, 46.21525143000008], [13.503402780000044, 46.21589526400004], [13.49867792200007, 46.21782359500003], [13.496927, 46.22184949900003], [13.479802500000062, 46.22481799900004], [13.472983500000055, 46.22524849900003], [13.465421, 46.22359299900006], [13.45684250000005, 46.22611899900005], [13.448623, 46.22516449900007], [13.446012, 46.22578099900005], [13.444043500000078, 46.22542999900003], [13.448232, 46.21625049900007], [13.446257, 46.21273349900008], [13.43994, 46.212225999000054], [13.435919, 46.21140799900007], [13.423357, 46.20605399900006], [13.420940269000027, 46.20906869800007], [13.410719500000027, 46.21235599900007], [13.40988747800003, 46.216021590000025], [13.416065493000076, 46.22159593400005], [13.412481783000032, 46.22708858800007], [13.420438, 46.23059949900005], [13.42187278800003, 46.23448486900003], [13.416856500000051, 46.23743049900003], [13.407487594000031, 46.24224516700008], [13.399125016000028, 46.253808106000065], [13.391414256000076, 46.28294259100005], [13.386464937000028, 46.28979287900006], [13.381951730000026, 46.28900157600003], [13.376797, 46.29456199900005], [13.375492500000064, 46.29823249900005], [13.381951730000026, 46.29868167400008], [13.40288, 46.300136999000074], [13.407000228000072, 46.30531331700007], [13.417358833000037, 46.30635826300005], [13.415970951000077, 46.31491258800003], [13.419982809000032, 46.31926011000007], [13.426138319000074, 46.322320613000045], [13.439654226000073, 46.32322334000003], [13.448362884000062, 46.33328151000006], [13.446199, 46.33905399900004], [13.43746604000006, 46.35437004100004], [13.438623592000056, 46.35935144800004], [13.450252317000036, 46.36275678700008], [13.469733398000074, 46.361237033000066], [13.482444, 46.36899849900004], [13.498180242000046, 46.37101503100007], [13.508528497000043, 46.376335201000074], [13.515438500000073, 46.37654299900004], [13.516923, 46.38297249900006], [13.527463030000035, 46.38752594600004], [13.537287270000036, 46.38605326700008], [13.542406284000037, 46.39139583900004], [13.552310172000034, 46.39295420800005], [13.558888351000064, 46.39795931000003], [13.566161875000034, 46.39885837700007], [13.577288732000056, 46.409354859000075], [13.578026500000021, 46.416683499000044], [13.582560859000068, 46.43018464700003], [13.597087177000049, 46.43854987100008], [13.610673546000044, 46.44101112000004], [13.616550733000054, 46.439709857000025], [13.624155174000066, 46.44295292400005], [13.633132255000021, 46.44200056900007], [13.64810572700003, 46.445778345000065], [13.652427500000044, 46.444483999000056]]]]}}, {"type": "Feature", "properties": {"NUTS_ID": "SI041", "LEVL_CODE": 3, "CNTR_CODE": "SI", "NAME_LATN": "Osrednjeslovenska", "NUTS_NAME": "Osrednjeslovenska", "MOUNT_TYPE": 2, "URBN_TYPE": 2, "COAST_TYPE": 3, "NAME_ENGL": "Slovenia", "NAME_FREN": "Slov\u00e9nie", "ISO3_CODE": "SVN", "SVRG_UN": "UN Member State", "CAPT": "Ljubljana", "EU_STAT": "T", "EFTA_STAT": "F", "CC_STAT": "F", "NAME_GERM": "Slowenien"}, "geometry": {"type": "MultiPolygon", "coordinates": [[[[14.567191576000027, 46.36664622200004], [14.587533781000047, 46.355847220000044], [14.594617300000039, 46.359666735000076], [14.615134627000032, 46.35798175900004], [14.637874500000066, 46.364228499000035], [14.638258696000037, 46.33059089200003], [14.641473579000035, 46.32796608900003], [14.657702500000028, 46.31471399900005], [14.665241500000036, 46.31426749900004], [14.665732500000047, 46.31384049900004], [14.672993051000049, 46.31147055000008], [14.676922494000053, 46.30211998800007], [14.674309332000064, 46.28446960400004], [14.682659, 46.281633999000064], [14.704636, 46.284834499000056], [14.704880500000058, 46.28455499900008], [14.704991135000057, 46.27814566200004], [14.695606500000054, 46.26637449900005], [14.702275, 46.26051749900006], [14.704025500000057, 46.25826899900005], [14.710645363000026, 46.25772178400007], [14.714217500000075, 46.257426499000076], [14.733306500000026, 46.25658249900005], [14.738955, 46.25523149900005], [14.74510250000003, 46.25532449900004], [14.747731, 46.25425699900006], [14.751391, 46.252241499000036], [14.754486500000041, 46.25098299900003], [14.765915312000061, 46.25300923100008], [14.774199278000026, 46.25020591900005], [14.791247, 46.252286999000034], [14.804467, 46.25545399900005], [14.814441500000044, 46.25337249900008], [14.819442, 46.25370249900004], [14.824655500000063, 46.25374449900005], [14.83716318200004, 46.25231879800003], [14.854123500000071, 46.25038549900006], [14.859594500000071, 46.246649999000056], [14.860422500000027, 46.24546349900004], [14.86457050000007, 46.24390099900006], [14.867818500000055, 46.24234849900006], [14.869924, 46.24173599900007], [14.872558500000025, 46.241224499000054], [14.883938, 46.237606999000036], [14.885127, 46.236372499000026], [14.885807, 46.233565999000064], [14.893968420000022, 46.23325650800007], [14.899552438000057, 46.22938860200003], [14.907213500000069, 46.22939249900003], [14.913075862000028, 46.21947513400005], [14.928218500000071, 46.21690999900005], [14.919820070000071, 46.21363714600005], [14.910131613000033, 46.21302999100004], [14.908703, 46.207666999000025], [14.908764500000075, 46.20756599900005], [14.89824, 46.20539799900007], [14.902595500000075, 46.19586249900004], [14.900613500000077, 46.19326249900007], [14.901237500000036, 46.18718349900007], [14.900352, 46.18607699900008], [14.895813500000031, 46.182713499000045], [14.889479158000029, 46.18040251900004], [14.890912411000045, 46.175975969000035], [14.887441, 46.17413449900005], [14.879140964000044, 46.17687158600006], [14.868845, 46.17700849900007], [14.860435, 46.17384099900005], [14.85653387700006, 46.17139049000008], [14.843087, 46.169534499000065], [14.83716318200004, 46.169440619000056], [14.82756450000005, 46.16928849900006], [14.813872, 46.17049999900007], [14.81569053000004, 46.166869803000054], [14.826458197000022, 46.16415432000008], [14.826703500000065, 46.158858999000074], [14.831047, 46.156786999000076], [14.835125078000033, 46.14965700100004], [14.83716318200004, 46.14899538600008], [14.841554, 46.14756999900004], [14.842369, 46.144727499000055], [14.839068057000077, 46.14131605100005], [14.83716318200004, 46.14133406700006], [14.829346, 46.14140799900008], [14.836673932000053, 46.13923366200004], [14.833886500000062, 46.135882999000046], [14.826549, 46.13358499900005], [14.823525500000073, 46.130735499000025], [14.819076191000022, 46.12759267200005], [14.810908654000059, 46.128154332000065], [14.797365, 46.122821499000054], [14.803082500000073, 46.115781499000036], [14.80398450000007, 46.113286499000026], [14.796295809000071, 46.11506942300008], [14.794046, 46.113810999000066], [14.791972388000033, 46.11247926900006], [14.793147822000037, 46.10719021700004], [14.783293, 46.10788699900007], [14.780106, 46.109185499000034], [14.772015445000022, 46.10519122000005], [14.768315715000028, 46.10705480400003], [14.765915312000061, 46.10566315400007], [14.762296500000048, 46.10523599900006], [14.758971, 46.09955199900003], [14.751787500000034, 46.09778199900006], [14.752535, 46.09544449900005], [14.753135, 46.09427599900005], [14.747857500000066, 46.088748999000074], [14.716095500000051, 46.08418499900006], [14.715270500000031, 46.08264999900007], [14.711757500000033, 46.07792999900005], [14.722279713000034, 46.07245375900004], [14.720417500000053, 46.06783799900006], [14.727580917000068, 46.06565844800008], [14.745947500000057, 46.06812199900003], [14.746051500000021, 46.06797849900005], [14.753299476000052, 46.06626612900004], [14.765915312000061, 46.05857021400004], [14.767993, 46.057353499000044], [14.765915312000061, 46.05684063500007], [14.764015500000028, 46.05667049900006], [14.765915312000061, 46.055009479000034], [14.771141, 46.05248299900006], [14.784000527000046, 46.050734179000074], [14.792829, 46.04454299900004], [14.807320986000036, 46.048261205000074], [14.805137843000068, 46.051639873000056], [14.809467243000029, 46.054338107000035], [14.819108, 46.05336899900004], [14.825618789000032, 46.04862002600004], [14.83140050000003, 46.04830399900004], [14.83716318200004, 46.05023751400006], [14.847073500000022, 46.053562499000066], [14.847527, 46.05305899900003], [14.852657, 46.05321899900008], [14.855669, 46.05280849900004], [14.86369552800005, 46.05617266500008], [14.869230500000072, 46.05619899900006], [14.871222687000056, 46.06149445300008], [14.864968500000032, 46.07105799900006], [14.885948963000033, 46.062780590000045], [14.89345, 46.06298999900008], [14.896644, 46.05511099900008], [14.902053097000078, 46.056161244000066], [14.90491650000007, 46.054298999000025], [14.908332, 46.05196249900007], [14.914685500000076, 46.046298499000045], [14.919607259000031, 46.04564538600005], [14.924662253000065, 46.043780439000045], [14.925164376000055, 46.04236049200006], [14.923468, 46.04007849900006], [14.918941500000074, 46.034181999000054], [14.922172500000045, 46.03318549900007], [14.927006229000028, 46.019764173000056], [14.92397, 46.01236599900005], [14.923132613000064, 46.01062871500005], [14.921654, 46.00611999900008], [14.926612500000033, 46.006023999000035], [14.928216500000076, 46.00391949900006], [14.928980727000067, 45.99698304700007], [14.924011504000077, 45.992595067000025], [14.925503500000048, 45.985175499000036], [14.931261, 45.98462149900007], [14.942244, 45.98554499900007], [14.942308500000024, 45.98555399900005], [14.947782, 45.98451299900006], [14.947692, 45.984323999000026], [14.948575, 45.97861049900007], [14.938874, 45.97431399900006], [14.938555, 45.97099349900003], [14.938552500000071, 45.96371649900004], [14.933188500000028, 45.96421399900004], [14.926206500000035, 45.96388449900007], [14.924865500000067, 45.96315199900005], [14.916644034000058, 45.95528539000003], [14.9108, 45.953260999000065], [14.908277, 45.94565249900006], [14.902667, 45.94510849900007], [14.902390500000024, 45.94770999900004], [14.891459500000053, 45.94527699900004], [14.886677, 45.94595899900003], [14.883571, 45.94606349900005], [14.8825, 45.943125999000074], [14.883568500000024, 45.938457999000036], [14.886025, 45.93666949900006], [14.884355500000026, 45.93190599900004], [14.878404313000033, 45.92804467600007], [14.879041, 45.92424149900006], [14.87927650000006, 45.92409199900004], [14.878036078000036, 45.91822529900003], [14.879987, 45.91376549900008], [14.88200850000004, 45.90466899900008], [14.876274, 45.90259099900004], [14.874919366000029, 45.89741556300004], [14.867269, 45.890141999000036], [14.860437, 45.88594749900005], [14.860908, 45.88561499900004], [14.872709500000042, 45.877368499000056], [14.87112204500005, 45.87467507100007], [14.871997500000077, 45.87319099900003], [14.875693500000068, 45.87186549900008], [14.876093, 45.870122999000046], [14.882111660000078, 45.86492817900006], [14.882160465000027, 45.861520546000065], [14.879025469000055, 45.85981276600006], [14.881303, 45.85906549900005], [14.879701, 45.85839799900003], [14.88012, 45.85503749900005], [14.879347, 45.85536549900007], [14.870756500000027, 45.85584249900006], [14.866041500000051, 45.856587999000055], [14.859797, 45.856197999000074], [14.845848500000045, 45.85696799900006], [14.843462500000044, 45.85603799900008], [14.845851078000067, 45.846405796000056], [14.852207075000024, 45.844255618000034], [14.848573500000043, 45.83974449900006], [14.852523633000033, 45.83494527300007], [14.857798142000036, 45.83402210300005], [14.85784250000006, 45.83107649900006], [14.857215500000052, 45.812689499000044], [14.858104500000024, 45.804515999000046], [14.858963, 45.80290449900008], [14.850318874000038, 45.79624423800004], [14.836747, 45.79581549900007], [14.820227712000076, 45.80040932900005], [14.812209500000051, 45.79981649900003], [14.804826500000047, 45.79839949900003], [14.804556811000054, 45.79318954800004], [14.799612526000033, 45.78719492300007], [14.79976750000003, 45.77683249900008], [14.809395769000048, 45.761177056000065], [14.820227712000076, 45.75803071900003], [14.826475, 45.75621599900006], [14.831244490000074, 45.75327547200004], [14.831744233000052, 45.75089858500007], [14.832186225000044, 45.748796291000076], [14.83716318200004, 45.74558902500007], [14.84211, 45.74240099900004], [14.838755, 45.74030999900003], [14.83716318200004, 45.73884431700003], [14.823844500000064, 45.72657949900008], [14.820227712000076, 45.728865753000036], [14.819218, 45.72950399900003], [14.800728500000048, 45.739569999000025], [14.791776, 45.74426249900006], [14.787815500000022, 45.74659399900003], [14.767293560000041, 45.759400810000045], [14.766225, 45.761828499000046], [14.764649500000075, 45.76293499900004], [14.757967500000063, 45.76764299900003], [14.751628, 45.77250249900004], [14.750806, 45.77311499900003], [14.747691, 45.77565399900004], [14.742818223000029, 45.78408918200006], [14.737121500000057, 45.78682449900003], [14.732698, 45.78849199900003], [14.710645363000026, 45.802347919000056], [14.707762500000058, 45.80415899900004], [14.700167500000077, 45.811521999000036], [14.692986550000057, 45.81822534100007], [14.688184, 45.819037999000045], [14.678210024000066, 45.820594174000064], [14.673358500000063, 45.815758499000026], [14.668635, 45.81194049900006], [14.665841138000076, 45.808648488000074], [14.66122050000007, 45.80923399900007], [14.659722500000044, 45.80569999900007], [14.656271075000063, 45.805613951000055], [14.648543500000073, 45.801390499000036], [14.641473579000035, 45.802046019000045], [14.638826, 45.802291499000034], [14.636255500000061, 45.80348999900008], [14.632356, 45.799798499000076], [14.631630500000028, 45.80091849900003], [14.623457500000029, 45.80186599900003], [14.613648500000068, 45.803488499000025], [14.606483500000024, 45.80006149900004], [14.603101500000037, 45.800256999000055], [14.594899, 45.80128099900003], [14.59431416800004, 45.79462515200004], [14.585379500000045, 45.79393999900003], [14.57268, 45.79475749900007], [14.567191576000027, 45.79472080200003], [14.564807500000029, 45.791461999000035], [14.561090500000034, 45.79621799900008], [14.553708473000029, 45.79840159500003], [14.550306500000033, 45.80170849900003], [14.550032500000043, 45.802166499000066], [14.549579, 45.810613999000054], [14.549071500000025, 45.81130499900007], [14.54691850000006, 45.813401999000064], [14.54559, 45.81377449900003], [14.54387550000007, 45.81415449900004], [14.542035, 45.814219499000046], [14.530787222000072, 45.81461641400006], [14.528061, 45.821810999000036], [14.525244, 45.82319399900007], [14.522906999000043, 45.827951221000035], [14.50534250000004, 45.83972949900004], [14.505655, 45.84226799900006], [14.506065500000034, 45.845364999000026], [14.497812828000065, 45.85165813900005], [14.496286, 45.85906249900006], [14.501948500000026, 45.86093199900006], [14.503073932000063, 45.86790461600003], [14.499674017000075, 45.875408486000026], [14.490795, 45.88227999900005], [14.490724, 45.882258499000045], [14.466921, 45.868827499000076], [14.462750065000023, 45.87178643900006], [14.45710306500007, 45.87187295900003], [14.441379, 45.86112949900007], [14.432434, 45.85929499900004], [14.418963500000075, 45.87156499900004], [14.409424159000025, 45.87221228400006], [14.404299500000036, 45.86446549900006], [14.399665500000026, 45.857105999000055], [14.392494287000034, 45.85981400700007], [14.390940495000052, 45.86481970500006], [14.372485500000039, 45.87759199900006], [14.36574950000005, 45.87055599900003], [14.356818980000071, 45.87128910300004], [14.350751, 45.88444899900003], [14.341197709000028, 45.879992369000036], [14.327656, 45.89130249900006], [14.318758803000037, 45.89366430700005], [14.312046293000037, 45.89279312300005], [14.300487500000031, 45.88681949900007], [14.302062, 45.88239049900005], [14.278621, 45.84699799900005], [14.271407275000058, 45.85249244900007], [14.26014850000007, 45.85159549900004], [14.260953500000028, 45.85643699900004], [14.250872859000026, 45.849999265000065], [14.241264271000034, 45.85562918100004], [14.243614151000031, 45.859465742000054], [14.232586500000025, 45.85911149900005], [14.231303500000024, 45.85830249900005], [14.222373646000051, 45.85899482900004], [14.224060121000036, 45.86332224600005], [14.220379498000057, 45.86676579500005], [14.215079091000064, 45.869203811000034], [14.20728430400004, 45.868802333000076], [14.200398500000063, 45.87435449900005], [14.189667984000039, 45.87851596100006], [14.17449, 45.87412999900005], [14.157443440000065, 45.872381964000056], [14.149114348000069, 45.87668030300006], [14.132978839000032, 45.87265074600003], [14.129577500000039, 45.86949899900003], [14.12522043100006, 45.87663514400003], [14.124051500000064, 45.87854949900003], [14.120917500000076, 45.896186499000066], [14.10258725400007, 45.90976639100006], [14.101918166000075, 45.91822529900003], [14.101615349000042, 45.92205321900008], [14.097942500000045, 45.930503499000054], [14.101615349000042, 45.93222332000005], [14.11022719600004, 45.93625562900007], [14.111553835000052, 45.94327026000008], [14.112385521000022, 45.94766735700006], [14.120170500000029, 45.95141249900007], [14.118083066000054, 45.96705923700006], [14.110221113000023, 45.96595215200006], [14.107154, 45.972477999000034], [14.112795500000061, 45.97645699900005], [14.113543443000026, 45.97946814100004], [14.12522043100006, 45.980172786000026], [14.129056086000048, 45.980404246000035], [14.134569, 45.98803599900003], [14.136436285000059, 45.99258965900003], [14.144956500000035, 45.99353449900008], [14.139989071000059, 45.99740226100005], [14.145379, 46.00208199900004], [14.140111500000046, 46.00465849900007], [14.147764582000036, 46.00903440700006], [14.148336500000028, 46.014080499000045], [14.151343269000051, 46.016291695000064], [14.157099, 46.01620549900008], [14.157552500000065, 46.02122949900007], [14.169339764000028, 46.01942926600003], [14.175368, 46.024391499000046], [14.174405309000065, 46.027374276000046], [14.179967500000032, 46.030425999000045], [14.185457086000042, 46.032688757000074], [14.18602, 46.03700149900004], [14.189962500000036, 46.03774049900005], [14.19878009200005, 46.043379765000054], [14.201494500000024, 46.049644999000066], [14.201071, 46.053195499000026], [14.201212, 46.05326849900007], [14.210089220000043, 46.05969590400008], [14.207591, 46.07084899900008], [14.209100500000034, 46.07287499900008], [14.207951851000075, 46.07757566200007], [14.213024, 46.086010499000054], [14.213833, 46.08642399900003], [14.22302247500005, 46.09210265300004], [14.225433500000065, 46.09656049900008], [14.247107416000063, 46.09761038900007], [14.250211500000034, 46.09961349900004], [14.256216, 46.10650049900005], [14.262483211000074, 46.107587581000075], [14.276514500000076, 46.10591899900004], [14.298171035000053, 46.10141289400008], [14.311463500000059, 46.10215549900005], [14.317464640000026, 46.09793753000008], [14.326428500000077, 46.09631249900008], [14.331476, 46.09744399900006], [14.335796877000064, 46.10527577300007], [14.335185872000068, 46.11210645600005], [14.331635, 46.11422549900004], [14.327489804000038, 46.11850698200004], [14.328792681000039, 46.12915483900008], [14.337788193000051, 46.134308443000066], [14.34523, 46.13532249900004], [14.345485500000052, 46.13559349900004], [14.354546437000067, 46.14564028800004], [14.363519, 46.14526149900007], [14.364621, 46.147451999000054], [14.363031, 46.148378999000045], [14.363764, 46.14993949900003], [14.36315250000007, 46.15132199900006], [14.363941, 46.152558999000064], [14.3688, 46.15106499900003], [14.371183501000075, 46.15167964900007], [14.37414106500006, 46.150933794000025], [14.374093500000072, 46.14773799900007], [14.378461500000071, 46.14494549900007], [14.379472500000077, 46.14714649900003], [14.380952, 46.149106999000026], [14.382700696000029, 46.15791875300005], [14.394942, 46.15781949900003], [14.395369, 46.157812499000045], [14.422484, 46.16752549900008], [14.416927, 46.171321499000044], [14.410889500000053, 46.17909749900008], [14.410558500000036, 46.17954849900008], [14.405381, 46.190030999000044], [14.41592195800007, 46.189423230000045], [14.424879608000026, 46.19151613200006], [14.431563585000049, 46.190392691000056], [14.432604500000025, 46.18826499900007], [14.441365, 46.18893399900003], [14.458350500000051, 46.19170849900007], [14.459141500000044, 46.19306799900005], [14.469178, 46.19648099900007], [14.460441464000041, 46.20176610200008], [14.465079500000058, 46.204675499000075], [14.469889500000022, 46.205813499000044], [14.47458, 46.20315399900005], [14.497208860000057, 46.202400787000045], [14.500559500000065, 46.20047199900006], [14.50810814600004, 46.211156853000034], [14.516844500000047, 46.21713299900006], [14.523562500000025, 46.21790949900003], [14.528547526000068, 46.218104709000045], [14.540647500000034, 46.22813299900008], [14.541523, 46.231242999000074], [14.554007, 46.24248399900006], [14.56002, 46.24475749900006], [14.564969650000023, 46.244731010000066], [14.566047500000025, 46.248401999000066], [14.566750500000069, 46.25469799900003], [14.57174810400005, 46.256935498000075], [14.569694, 46.26090649900004], [14.567191576000027, 46.26243029900007], [14.563728500000025, 46.26453899900008], [14.56321, 46.272665999000026], [14.548734, 46.275412499000026], [14.553268321000076, 46.28266307100006], [14.546971, 46.29048849900005], [14.537182205000022, 46.30063963900005], [14.542764, 46.30933999900003], [14.552999183000054, 46.31495952700004], [14.554452558000037, 46.31867856100007], [14.552250986000047, 46.32178300400005], [14.542311333000043, 46.32516382000006], [14.538598413000045, 46.32869025700006], [14.538125640000032, 46.33170378300008], [14.546709842000041, 46.340826185000026], [14.549181752000038, 46.34705252200007], [14.54592109600003, 46.35209859300005], [14.535457500000064, 46.35739649900006], [14.540589221000062, 46.36240221700007], [14.560462692000044, 46.36388485100008], [14.565212, 46.36769699900003], [14.567191576000027, 46.36664622200004]]]]}}, {"type": "Feature", "properties": {"NUTS_ID": "SI042", "LEVL_CODE": 3, "CNTR_CODE": "SI", "NAME_LATN": "Gorenjska", "NUTS_NAME": "Gorenjska", "MOUNT_TYPE": 3, "URBN_TYPE": 2, "COAST_TYPE": 3, "NAME_ENGL": "Slovenia", "NAME_FREN": "Slov\u00e9nie", "ISO3_CODE": "SVN", "SVRG_UN": "UN Member State", "CAPT": "Ljubljana", "EU_STAT": "T", "EFTA_STAT": "F", "CC_STAT": "F", "NAME_GERM": "Slowenien"}, "geometry": {"type": "MultiPolygon", "coordinates": [[[[13.755489041000033, 46.51771586700005], [13.765873887000055, 46.51496182600005], [13.777142690000062, 46.517082756000036], [13.78409, 46.51109449900008], [13.794720286000029, 46.50614090600004], [13.798941500000069, 46.50654099900004], [13.812539, 46.506420999000056], [13.831628945000034, 46.518285236000054], [13.85406105900006, 46.51397352200007], [13.878002064000043, 46.51941401700003], [13.882606148000036, 46.52222105100003], [13.901132, 46.51897199900003], [13.907923, 46.51984099900005], [13.91255910500007, 46.52071626400004], [13.922040758000037, 46.51864556600003], [13.927777149000065, 46.51437583100005], [13.941937651000046, 46.51157018100008], [13.952242828000067, 46.50707258300008], [13.968232457000056, 46.49765208300005], [13.975321500000064, 46.49813449900006], [13.975636, 46.49826649900007], [13.987908454000035, 46.49269403100004], [13.990567976000023, 46.48844365000008], [13.998124500000074, 46.486584796000045], [14.006515, 46.48135999900006], [14.021387883000045, 46.48227607100006], [14.038937640000029, 46.492420079000055], [14.052269, 46.492248999000026], [14.073831614000028, 46.487210711000046], [14.085946754000076, 46.48571044400006], [14.094335775000047, 46.48467157300007], [14.09927250000004, 46.480060999000045], [14.101615349000042, 46.479219399000044], [14.11143450000003, 46.478804499000034], [14.120138355000051, 46.47667184900007], [14.12522043100006, 46.471055844000034], [14.127765773000021, 46.468242866000026], [14.135075219000043, 46.45803446700006], [14.136394, 46.44987749900008], [14.150935423000021, 46.44243604600007], [14.153396500000042, 46.43677899900007], [14.163512594000053, 46.43370046100006], [14.173993500000051, 46.43399599900005], [14.176482500000077, 46.43395799900003], [14.1911, 46.44392699900004], [14.205918627000074, 46.439647422000064], [14.219378617000075, 46.44280450900004], [14.228608006000059, 46.435116727000036], [14.237185500000066, 46.432235999000056], [14.257186140000044, 46.438669117000074], [14.265065793000076, 46.438723921000076], [14.2832, 46.443497999000044], [14.30078504900007, 46.43820552300008], [14.308850996000047, 46.43085253500004], [14.327549500000032, 46.43124049900007], [14.349702, 46.43717399900004], [14.382405533000053, 46.43938684600005], [14.396965739000052, 46.44380499000005], [14.411097448000078, 46.44548363000007], [14.429097816000024, 46.446513795000044], [14.43450050000007, 46.44294349900008], [14.43804745500006, 46.44128266400003], [14.43173716900003, 46.43861765300005], [14.430991715000062, 46.435377508000045], [14.441162641000062, 46.42799938300004], [14.442091, 46.42374149900007], [14.447196690000055, 46.42196624800005], [14.468591501000049, 46.42137347200003], [14.476977537000039, 46.41858380600007], [14.479566928000054, 46.41414465400004], [14.491322608000075, 46.41350659100004], [14.505780896000033, 46.42394309400004], [14.521086935000028, 46.42641883600004], [14.530737406000071, 46.41590721500006], [14.539336418000062, 46.41167811200006], [14.542629142000067, 46.403465684000025], [14.55320223900003, 46.39210380500003], [14.557007184000042, 46.377141735000066], [14.565175500000066, 46.37245349900007], [14.565212, 46.36769699900003], [14.560462692000044, 46.36388485100008], [14.540589221000062, 46.36240221700007], [14.535457500000064, 46.35739649900006], [14.54592109600003, 46.35209859300005], [14.549181752000038, 46.34705252200007], [14.546709842000041, 46.340826185000026], [14.538125640000032, 46.33170378300008], [14.538598413000045, 46.32869025700006], [14.542311333000043, 46.32516382000006], [14.552250986000047, 46.32178300400005], [14.554452558000037, 46.31867856100007], [14.552999183000054, 46.31495952700004], [14.542764, 46.30933999900003], [14.537182205000022, 46.30063963900005], [14.546971, 46.29048849900005], [14.553268321000076, 46.28266307100006], [14.548734, 46.275412499000026], [14.56321, 46.272665999000026], [14.563728500000025, 46.26453899900008], [14.567191576000027, 46.26243029900007], [14.569694, 46.26090649900004], [14.57174810400005, 46.256935498000075], [14.566750500000069, 46.25469799900003], [14.566047500000025, 46.248401999000066], [14.564969650000023, 46.244731010000066], [14.56002, 46.24475749900006], [14.554007, 46.24248399900006], [14.541523, 46.231242999000074], [14.540647500000034, 46.22813299900008], [14.528547526000068, 46.218104709000045], [14.523562500000025, 46.21790949900003], [14.516844500000047, 46.21713299900006], [14.50810814600004, 46.211156853000034], [14.500559500000065, 46.20047199900006], [14.497208860000057, 46.202400787000045], [14.47458, 46.20315399900005], [14.469889500000022, 46.205813499000044], [14.465079500000058, 46.204675499000075], [14.460441464000041, 46.20176610200008], [14.469178, 46.19648099900007], [14.459141500000044, 46.19306799900005], [14.458350500000051, 46.19170849900007], [14.441365, 46.18893399900003], [14.432604500000025, 46.18826499900007], [14.431563585000049, 46.190392691000056], [14.424879608000026, 46.19151613200006], [14.41592195800007, 46.189423230000045], [14.405381, 46.190030999000044], [14.410558500000036, 46.17954849900008], [14.410889500000053, 46.17909749900008], [14.416927, 46.171321499000044], [14.422484, 46.16752549900008], [14.395369, 46.157812499000045], [14.394942, 46.15781949900003], [14.382700696000029, 46.15791875300005], [14.380952, 46.149106999000026], [14.379472500000077, 46.14714649900003], [14.378461500000071, 46.14494549900007], [14.374093500000072, 46.14773799900007], [14.37414106500006, 46.150933794000025], [14.371183501000075, 46.15167964900007], [14.3688, 46.15106499900003], [14.363941, 46.152558999000064], [14.36315250000007, 46.15132199900006], [14.363764, 46.14993949900003], [14.363031, 46.148378999000045], [14.364621, 46.147451999000054], [14.363519, 46.14526149900007], [14.354546437000067, 46.14564028800004], [14.345485500000052, 46.13559349900004], [14.34523, 46.13532249900004], [14.337788193000051, 46.134308443000066], [14.328792681000039, 46.12915483900008], [14.327489804000038, 46.11850698200004], [14.331635, 46.11422549900004], [14.335185872000068, 46.11210645600005], [14.335796877000064, 46.10527577300007], [14.331476, 46.09744399900006], [14.326428500000077, 46.09631249900008], [14.317464640000026, 46.09793753000008], [14.311463500000059, 46.10215549900005], [14.298171035000053, 46.10141289400008], [14.276514500000076, 46.10591899900004], [14.262483211000074, 46.107587581000075], [14.256216, 46.10650049900005], [14.250211500000034, 46.09961349900004], [14.247107416000063, 46.09761038900007], [14.225433500000065, 46.09656049900008], [14.22302247500005, 46.09210265300004], [14.213833, 46.08642399900003], [14.213024, 46.086010499000054], [14.207951851000075, 46.07757566200007], [14.209100500000034, 46.07287499900008], [14.207591, 46.07084899900008], [14.210089220000043, 46.05969590400008], [14.201212, 46.05326849900007], [14.201071, 46.053195499000026], [14.201494500000024, 46.049644999000066], [14.19878009200005, 46.043379765000054], [14.189962500000036, 46.03774049900005], [14.18602, 46.03700149900004], [14.185457086000042, 46.032688757000074], [14.179967500000032, 46.030425999000045], [14.174405309000065, 46.027374276000046], [14.175368, 46.024391499000046], [14.169339764000028, 46.01942926600003], [14.157552500000065, 46.02122949900007], [14.157099, 46.01620549900008], [14.151343269000051, 46.016291695000064], [14.148336500000028, 46.014080499000045], [14.147764582000036, 46.00903440700006], [14.140111500000046, 46.00465849900007], [14.137398500000074, 46.00491049900006], [14.12522043100006, 46.005139858000064], [14.121124500000064, 46.00521699900003], [14.121383, 46.006030499000076], [14.112250500000073, 46.01192599900003], [14.104705500000023, 46.01131749900003], [14.104734, 46.012711499000034], [14.107889123000064, 46.01713933500008], [14.102989322000042, 46.022096058000045], [14.104317500000036, 46.027393999000026], [14.101615349000042, 46.029942332000076], [14.099409, 46.03202299900005], [14.10228, 46.033577499000046], [14.095506500000056, 46.035431999000025], [14.088557308000077, 46.03165202800005], [14.085946754000076, 46.031933742000035], [14.078763500000036, 46.026778999000044], [14.079284500000028, 46.02907799900004], [14.085366560000068, 46.03666217400007], [14.078607, 46.039543999000045], [14.081116500000064, 46.03920449900005], [14.080916500000058, 46.04114599900004], [14.076337136000063, 46.04721378000005], [14.076888500000052, 46.05028249900005], [14.073831614000028, 46.05114377600006], [14.071542500000078, 46.051517999000055], [14.054648500000042, 46.06169899900004], [14.030454, 46.07195199900008], [14.029335500000059, 46.072347499000045], [14.027252830000066, 46.07301511800006], [14.023483867000039, 46.07717395600008], [14.023673159000055, 46.08013694400006], [14.019224141000052, 46.08409041800007], [14.018670500000042, 46.08767499900006], [14.018399, 46.08840499900003], [14.022356500000058, 46.09862399900004], [14.022469500000057, 46.098749499000064], [14.030834482000046, 46.10727677500006], [14.042853713000056, 46.11293006500006], [14.047881, 46.12387049900008], [14.052022154000042, 46.12948648400004], [14.058346, 46.13244199900004], [14.057329644000049, 46.139561135000065], [14.065629500000057, 46.147167499000034], [14.073831614000028, 46.15649379400003], [14.071637605000035, 46.16560805200004], [14.039553402000024, 46.171406011000045], [14.026908656000046, 46.16966600400008], [14.016930830000035, 46.17186108900006], [14.010860500000035, 46.17078599900003], [13.998992945000055, 46.16979660700008], [13.987099096000065, 46.17711819500005], [13.986403359000064, 46.18393681500004], [13.989457500000071, 46.19122049900005], [13.988221, 46.19295499900005], [13.988738, 46.194442999000046], [13.992376500000034, 46.204488499000036], [13.995342109000035, 46.20741285200006], [14.00462628300005, 46.20995009400008], [14.006995500000073, 46.21737649900007], [14.006016165000062, 46.229366896000045], [13.993444, 46.23692649900005], [13.980148, 46.23779499900007], [13.978396, 46.238691999000025], [13.967583989000047, 46.233699983000065], [13.954703393000045, 46.236461664000046], [13.947083500000076, 46.23151099900008], [13.93324350000006, 46.230653999000026], [13.931512, 46.231137999000055], [13.90300650000006, 46.230274499000075], [13.89713050000006, 46.22646799900008], [13.884349070000042, 46.22862559200007], [13.875891, 46.22593049900007], [13.865228, 46.22770199900003], [13.86496950000003, 46.22778849900004], [13.85781941700003, 46.22879858600004], [13.853108399000064, 46.23253628600003], [13.834336250000035, 46.23828425700003], [13.812506, 46.238405499000066], [13.783085269000026, 46.25204513500006], [13.77183305400007, 46.25977920300005], [13.756899, 46.26069349900007], [13.746815017000074, 46.273054553000065], [13.737212364000072, 46.27718547300003], [13.735041500000023, 46.28161249900006], [13.730381690000058, 46.28576218500007], [13.731194301000073, 46.29263229500003], [13.724821500000076, 46.29679499900004], [13.745610051000028, 46.31205143300008], [13.74158273200004, 46.33180597100005], [13.746101500000066, 46.33748549900008], [13.754748112000073, 46.34157417500006], [13.767494, 46.34405349900004], [13.790902432000053, 46.35614789700003], [13.80217226700006, 46.35619060500005], [13.807507826000062, 46.35944676500003], [13.815111474000048, 46.35962496500008], [13.826070388000062, 46.364221213000064], [13.836441500000035, 46.37835249900007], [13.834234732000027, 46.38171707400005], [13.824753048000048, 46.381472115000065], [13.816073252000024, 46.387343040000076], [13.811909230000026, 46.40229265800008], [13.813026711000077, 46.40797135100007], [13.80753, 46.41065199900004], [13.80143030000005, 46.41064879000004], [13.778522658000043, 46.42232644000006], [13.756123701000035, 46.42519305400003], [13.738751361000027, 46.43840002200005], [13.726932500000032, 46.43595749900004], [13.722140357000058, 46.43325235300006], [13.706234928000072, 46.42648539100003], [13.682972090000021, 46.42026721600007], [13.680218, 46.421230999000045], [13.67835991000004, 46.42418625600004], [13.684032, 46.43747249900008], [13.692769934000069, 46.443201792000025], [13.69812532800006, 46.45599101400006], [13.694159040000045, 46.467602398000054], [13.708415797000043, 46.480440592000036], [13.703801192000071, 46.485265569000035], [13.702811103000045, 46.498725671000045], [13.704907200000036, 46.50188643600006], [13.715385324000067, 46.506960701000025], [13.716876993000028, 46.51326083300006], [13.714185, 46.522703499000045], [13.722140357000058, 46.52316426500005], [13.733487500000024, 46.518673499000045], [13.755489041000033, 46.51771586700005]]]]}}, {"type": "Feature", "properties": {"NUTS_ID": "SI037", "LEVL_CODE": 3, "CNTR_CODE": "SI", "NAME_LATN": "Jugovzhodna Slovenija", "NUTS_NAME": "Jugovzhodna Slovenija", "MOUNT_TYPE": 2, "URBN_TYPE": 3, "COAST_TYPE": 3, "NAME_ENGL": "Slovenia", "NAME_FREN": "Slov\u00e9nie", "ISO3_CODE": "SVN", "SVRG_UN": "UN Member State", "CAPT": "Ljubljana", "EU_STAT": "T", "EFTA_STAT": "F", "CC_STAT": "F", "NAME_GERM": "Slowenien"}, "geometry": {"type": "MultiPolygon", "coordinates": [[[[15.09940750000004, 46.01895899900006], [15.105943140000022, 46.01062871500005], [15.10713271000003, 46.009093875000076], [15.109732, 46.00573999900007], [15.114598500000056, 46.00389499900007], [15.122822426000027, 46.00213874100007], [15.127625092000073, 46.00006288800006], [15.12797850000004, 45.99641499900008], [15.13066, 45.982984499000054], [15.131710500000054, 45.98294549900004], [15.135865211000066, 45.990324790000045], [15.141165215000058, 45.991231861000074], [15.147836633000054, 45.99237362200006], [15.149627, 45.99728349900005], [15.154024177000053, 45.996284625000044], [15.159907500000031, 45.998717999000064], [15.166065, 45.998470499000064], [15.162674302000028, 45.99752398900006], [15.163461, 45.99463649900008], [15.159958500000073, 45.985208999000065], [15.151579863000052, 45.98401754300005], [15.148260500000049, 45.97813399900008], [15.154175, 45.96927799900004], [15.157496, 45.96594249900005], [15.161756, 45.96574799900003], [15.160987, 45.96443149900006], [15.162830432000021, 45.95756026500004], [15.166710500000022, 45.95556299900005], [15.171952500000032, 45.95240749900006], [15.171565500000042, 45.95146899900004], [15.182188650000057, 45.946152795000046], [15.184495646000073, 45.94327026000008], [15.186791500000027, 45.940401499000075], [15.19199750000007, 45.94014949900003], [15.193897500000048, 45.93761249900007], [15.194664500000044, 45.936113499000044], [15.201796985000044, 45.93319579400003], [15.208922054000027, 45.93300821300005], [15.217019396000069, 45.92904071500004], [15.22525, 45.928558499000076], [15.222550500000068, 45.93491099900007], [15.23139150000003, 45.93738099900003], [15.23523, 45.932731999000055], [15.239459199000066, 45.939031742000054], [15.246418241000072, 45.94186383600004], [15.247194765000074, 45.94327026000008], [15.246725500000025, 45.948626999000055], [15.249093, 45.948742999000046], [15.251219500000047, 45.94970549900006], [15.252533500000027, 45.950818499000036], [15.254020500000024, 45.95152599900007], [15.262304, 45.94654049900004], [15.264367591000052, 45.94327026000008], [15.268831500000033, 45.936195499000064], [15.273427500000025, 45.93534999900004], [15.281242500000076, 45.93842199900007], [15.279812465000077, 45.94327026000008], [15.272146500000076, 45.95066049900004], [15.27577750000006, 45.95712599900003], [15.278109500000028, 45.95860199900005], [15.279108, 45.96005099900003], [15.288601, 45.95715699900006], [15.288764, 45.95666349900006], [15.304147937000039, 45.95038911100005], [15.305582694000066, 45.95400057200004], [15.302192, 45.95964249900004], [15.304472, 45.96079149900004], [15.32688550000006, 45.95711799900005], [15.332088, 45.959703999000055], [15.332462500000076, 45.95503849900007], [15.333101500000055, 45.94673399900006], [15.33997811300003, 45.94327026000008], [15.351226500000053, 45.93760399900003], [15.347400500000049, 45.93316149900005], [15.342008, 45.928870999000026], [15.34305405200007, 45.91822529900003], [15.343853, 45.91009299900003], [15.344054500000027, 45.90909849900004], [15.344102944000042, 45.900540008000064], [15.33862349800006, 45.89418238600007], [15.334727500000042, 45.89310949900005], [15.334917500000074, 45.89152449900007], [15.338478502000044, 45.88896523500006], [15.348816, 45.887041999000076], [15.356432219000055, 45.88939785200006], [15.368903, 45.889534999000034], [15.369584616000054, 45.887168133000046], [15.379111500000022, 45.88439099900006], [15.378059500000063, 45.87404149900004], [15.380839500000036, 45.873560499000064], [15.383235, 45.865222999000025], [15.397806500000058, 45.86467549900004], [15.395230500000025, 45.86102199900006], [15.382199066000055, 45.858191591000036], [15.376609, 45.85361699900005], [15.371584, 45.855277999000066], [15.367554790000042, 45.85265841200004], [15.368617500000028, 45.85074049900004], [15.376300662000062, 45.84793532100008], [15.380480500000033, 45.84097699900008], [15.383114, 45.83337699900005], [15.379713, 45.83190349900008], [15.376584, 45.83149349900003], [15.376298, 45.82670499900007], [15.375836, 45.82632299900007], [15.375886500000036, 45.82332549900008], [15.380708491000064, 45.81385777700007], [15.389588500000059, 45.81314549900003], [15.40052593300004, 45.80513326400006], [15.404425, 45.79271699900005], [15.39945, 45.79206799900004], [15.397526500000026, 45.791116499000054], [15.383261396000023, 45.780142985000055], [15.37488294600007, 45.78021772000005], [15.366819, 45.77640299900003], [15.348817, 45.77092199900005], [15.331290500000023, 45.76285499900007], [15.327576, 45.76186799900006], [15.32383, 45.76023749900003], [15.316896, 45.75972599900007], [15.306192288000034, 45.75506261400005], [15.299010132000035, 45.75347898800004], [15.295733792000021, 45.75089858500007], [15.28841250000005, 45.74513199900008], [15.275550918000022, 45.739430748000075], [15.265051709000033, 45.729071916000066], [15.259645500000033, 45.72608599900008], [15.257464280000022, 45.719646785000066], [15.266633493000029, 45.71666075600007], [15.26954150000006, 45.70722449900006], [15.274132879000035, 45.706849358000056], [15.282430926000075, 45.710170352000034], [15.288476500000058, 45.70262299900003], [15.288102500000036, 45.69246499900004], [15.2903, 45.691711499000064], [15.296029666000038, 45.68933730800006], [15.305689, 45.69340149900006], [15.300264781000067, 45.693560527000045], [15.298911117000046, 45.69559932000004], [15.302479134000066, 45.69865802500004], [15.306192288000034, 45.697144198000046], [15.308718412000076, 45.69817395800004], [15.31033916900003, 45.69705944200007], [15.308543815000064, 45.69079037400007], [15.306192288000034, 45.68932416300004], [15.306192288000034, 45.68848783800007], [15.319616, 45.674262499000065], [15.322783, 45.67385649900007], [15.32661, 45.67566399900005], [15.318950788000052, 45.694371441000044], [15.331852, 45.70144999900003], [15.340323214000023, 45.71418476100007], [15.355148844000041, 45.71401456900003], [15.359375500000056, 45.709801999000035], [15.358044518000042, 45.69910470600007], [15.363441825000052, 45.698079747000065], [15.364443125000037, 45.69436607000006], [15.36009354600003, 45.68584518800003], [15.35613, 45.68547799900006], [15.351139500000045, 45.681569499000034], [15.348639758000047, 45.67206865300005], [15.351271, 45.671103499000026], [15.35512456400005, 45.67644386400008], [15.359877, 45.67567199900003], [15.362899, 45.67806499900007], [15.36268750000005, 45.681331999000065], [15.363410500000043, 45.68365399900006], [15.364763086000039, 45.68796328500008], [15.368903987000067, 45.69036128400006], [15.370292254000049, 45.684711881000055], [15.379308, 45.675380999000026], [15.387175500000069, 45.66973399900007], [15.399487500000077, 45.650814499000035], [15.40498377800003, 45.65010887500006], [15.406397500000026, 45.647856999000055], [15.398778, 45.64164999900004], [15.388103384000033, 45.637926116000074], [15.374076418000072, 45.64171611800003], [15.370406500000058, 45.64588499900003], [15.362549500000057, 45.64451899900007], [15.355425, 45.64601349900005], [15.351016966000032, 45.646720935000076], [15.344982500000071, 45.646070499000075], [15.342213, 45.644739499000025], [15.351343618000044, 45.64003505000005], [15.348863073000075, 45.635457821000045], [15.340127160000065, 45.633097432000056], [15.321240500000044, 45.634243499000036], [15.315886500000033, 45.63387499900006], [15.30843150000004, 45.63259099900006], [15.306192288000034, 45.63220510800005], [15.301465, 45.62848249900003], [15.302604, 45.626764999000045], [15.301637500000027, 45.62347849900004], [15.302278500000057, 45.62225999900005], [15.306192288000034, 45.61876890800005], [15.30772556900007, 45.615018605000046], [15.306192288000034, 45.612930291000055], [15.294316667000032, 45.612534406000066], [15.285772500000064, 45.60965149900005], [15.281486500000028, 45.60788749900007], [15.27705050000003, 45.60446149900008], [15.277461126000048, 45.60316726000008], [15.280927, 45.59923799900008], [15.297424500000034, 45.58568749900007], [15.299909787000047, 45.57747262400005], [15.299016, 45.56040499900007], [15.299511, 45.55340199900007], [15.299071500000025, 45.54701199900006], [15.29997650000007, 45.545280999000056], [15.301434500000028, 45.54249199900005], [15.301077500000076, 45.53943649900003], [15.304309500000045, 45.53410449900008], [15.305803, 45.53257649900007], [15.308523, 45.531915999000034], [15.312587500000063, 45.53236899900003], [15.313953500000025, 45.53175649900004], [15.314067, 45.530215499000064], [15.313282, 45.527165499000034], [15.316124685000034, 45.522473639000054], [15.323934, 45.520830499000056], [15.327886500000034, 45.51390599900003], [15.331728500000054, 45.510785499000065], [15.346696500000064, 45.504368499000066], [15.362320413000077, 45.49547288000008], [15.370434751000062, 45.49686982000003], [15.381876500000033, 45.490035499000044], [15.384542899000053, 45.48848079700008], [15.381904064000025, 45.48550985300005], [15.360860500000058, 45.477531999000064], [15.355798500000049, 45.47210099900008], [15.346488150000027, 45.45837742500004], [15.33853350000004, 45.45682049900006], [15.32893064800004, 45.45294814500005], [15.322222, 45.454821999000046], [15.318375, 45.45614549900006], [15.306192288000034, 45.45809275800008], [15.302231500000062, 45.458592999000075], [15.297443, 45.459197999000025], [15.292595, 45.46108849900003], [15.289734, 45.46184099900006], [15.286001500000054, 45.462822499000026], [15.27276103500003, 45.46532239800007], [15.259060500000032, 45.45906699900007], [15.256749693000074, 45.45835678700007], [15.250542500000051, 45.45644899900003], [15.239909763000071, 45.449136356000054], [15.238323, 45.447699499000066], [15.230512, 45.43862849900006], [15.228528500000039, 45.431906999000034], [15.226437500000031, 45.42708799900004], [15.20657914000003, 45.42573626800004], [15.201073234000035, 45.42792534500006], [15.19657307400007, 45.43425310900005], [15.193655138000054, 45.43606048100003], [15.19059690000006, 45.43485533000006], [15.186607480000077, 45.426677518000076], [15.177575846000025, 45.42192929600003], [15.157522500000027, 45.42489399900006], [15.147402545000034, 45.43136177800005], [15.141165215000058, 45.440633449000075], [15.13970050000006, 45.442810499000075], [15.132765, 45.44541749900003], [15.123603273000072, 45.447058147000064], [15.120895074000032, 45.449136356000054], [15.113144662000025, 45.454689072000065], [15.10713271000003, 45.459065990000056], [15.102003964000062, 45.46279963400008], [15.092315047000056, 45.46428662500006], [15.091874050000058, 45.46444760300005], [15.085159126000065, 45.46833739900006], [15.084824511000022, 45.471449058000076], [15.084553564000032, 45.47396852500003], [15.085648517000038, 45.480026500000065], [15.08533066800004, 45.48233630000004], [15.078002125000069, 45.48273971000003], [15.07212247700005, 45.48695096500006], [15.066515007000078, 45.48796639900007], [15.059898455000052, 45.48848079700008], [15.058144500000026, 45.490548499000056], [15.057329, 45.492308999000045], [15.049778421000042, 45.49309134600003], [15.043287602000078, 45.48848079700008], [15.037601, 45.48666999900007], [15.031, 45.486116999000046], [15.025590737000073, 45.486707394000064], [15.024295233000032, 45.48848079700008], [15.022458074000042, 45.49099557100004], [15.012192767000045, 45.49715221400004], [14.998930991000066, 45.49620740300003], [14.995084500000075, 45.496571999000025], [14.991051500000026, 45.49611649900004], [14.986917, 45.496672999000054], [14.979436500000077, 45.49932649900006], [14.977100500000063, 45.50091499900003], [14.974092408000047, 45.50341688800006], [14.968794468000056, 45.508950870000035], [14.96256448400004, 45.51112996000006], [14.933495011000048, 45.52824418200004], [14.920933455000068, 45.52741404000005], [14.914036703000022, 45.518805705000034], [14.913512930000024, 45.514469518000055], [14.913177116000043, 45.51251449400007], [14.914270600000066, 45.50847205300005], [14.915871337000056, 45.504389821000075], [14.911772107000047, 45.50125391800003], [14.911932440000044, 45.49848198500007], [14.912492519000068, 45.497790026000075], [14.914217982000025, 45.493584964000036], [14.910332565000033, 45.488020505000065], [14.91049, 45.486157999000056], [14.911475500000051, 45.48429149900005], [14.911748500000044, 45.48158499900006], [14.905124562000026, 45.47656800900006], [14.89753950000005, 45.476038999000025], [14.889550119000035, 45.475733382000044], [14.880531500000075, 45.472510499000066], [14.878411500000027, 45.47241849900007], [14.876437, 45.47233299900006], [14.870261110000058, 45.46732498100005], [14.864029, 45.46629799900006], [14.856446, 45.46460999900006], [14.847353500000054, 45.46275649900008], [14.83716318200004, 45.461887137000076], [14.823365500000023, 45.46070999900007], [14.820227712000076, 45.46115102700003], [14.817301217000022, 45.46156235300003], [14.815466, 45.47199599900006], [14.806219205000048, 45.478419650000035], [14.804700122000042, 45.48663403200004], [14.80258728900003, 45.48848079700008], [14.799881657000071, 45.49084562200005], [14.803590500000041, 45.495853999000076], [14.795944708000036, 45.502523145000055], [14.787230500000021, 45.500909499000045], [14.788399666000032, 45.503887348000035], [14.785520432000055, 45.50652400200005], [14.779387539000027, 45.50663836700005], [14.768579513000077, 45.50683991200003], [14.769267500000069, 45.51158049900005], [14.765915312000061, 45.51192095600004], [14.758808568000063, 45.51166329000006], [14.75475350000005, 45.51539499900008], [14.744441, 45.521014499000046], [14.73648, 45.52823549900006], [14.719318500000043, 45.53404849900005], [14.712180500000045, 45.533799499000054], [14.703465774000051, 45.533251654000026], [14.700352500000065, 45.52544949900005], [14.693974, 45.52749399900006], [14.690418945000033, 45.52732749300003], [14.686991239000065, 45.53044138000007], [14.686978, 45.53695649900004], [14.689700048000077, 45.553564222000034], [14.694769, 45.555645999000035], [14.700242500000058, 45.562703499000065], [14.696756, 45.56968099900007], [14.689006, 45.58120049900003], [14.677195949000065, 45.58911245200005], [14.65754, 45.59116099900007], [14.651514320000047, 45.59232465600007], [14.643866916000036, 45.600038082000026], [14.641473579000035, 45.60106044500003], [14.631185500000072, 45.605454999000074], [14.626977918000023, 45.61340541100003], [14.619814500000075, 45.61553999900008], [14.611980945000028, 45.61754182000004], [14.596706807000032, 45.62755820600006], [14.601617673000021, 45.63424544500003], [14.601810735000072, 45.64326360200005], [14.60971550000005, 45.65867699900008], [14.605596511000044, 45.664378862000035], [14.598339309000039, 45.66789580100004], [14.582213222000064, 45.66518161500005], [14.575242500000058, 45.67155949900007], [14.570012500000075, 45.67294449900004], [14.567191576000027, 45.67355833500005], [14.561205, 45.67486099900003], [14.557678, 45.69714599900004], [14.55652850000007, 45.69825799900008], [14.555396500000029, 45.699819999000056], [14.55474, 45.70314599900007], [14.553631, 45.70678049900005], [14.552935500000046, 45.70888849900007], [14.551656, 45.71147049900003], [14.548038500000075, 45.71644899900008], [14.542324, 45.72498549900007], [14.537504, 45.73932399900008], [14.54689, 45.743104499000026], [14.559898310000051, 45.73386621000003], [14.567191576000027, 45.735322893000045], [14.578675500000031, 45.73761649900007], [14.56828607600005, 45.75089858500007], [14.567191576000027, 45.75229763600004], [14.565702500000043, 45.754200999000034], [14.566657500000076, 45.76057299900003], [14.566977500000064, 45.76076199900007], [14.570685156000025, 45.76668003100008], [14.568399500000055, 45.77863449900008], [14.557584, 45.779033999000035], [14.554257500000062, 45.77866399900006], [14.553672, 45.77994999900005], [14.545991, 45.78552649900007], [14.548100745000056, 45.787876718000064], [14.557807500000024, 45.78839449900005], [14.56250650000004, 45.788763999000025], [14.564807500000029, 45.791461999000035], [14.567191576000027, 45.79472080200003], [14.57268, 45.79475749900007], [14.585379500000045, 45.79393999900003], [14.59431416800004, 45.79462515200004], [14.594899, 45.80128099900003], [14.603101500000037, 45.800256999000055], [14.606483500000024, 45.80006149900004], [14.613648500000068, 45.803488499000025], [14.623457500000029, 45.80186599900003], [14.631630500000028, 45.80091849900003], [14.632356, 45.799798499000076], [14.636255500000061, 45.80348999900008], [14.638826, 45.802291499000034], [14.641473579000035, 45.802046019000045], [14.648543500000073, 45.801390499000036], [14.656271075000063, 45.805613951000055], [14.659722500000044, 45.80569999900007], [14.66122050000007, 45.80923399900007], [14.665841138000076, 45.808648488000074], [14.668635, 45.81194049900006], [14.673358500000063, 45.815758499000026], [14.678210024000066, 45.820594174000064], [14.688184, 45.819037999000045], [14.692986550000057, 45.81822534100007], [14.700167500000077, 45.811521999000036], [14.707762500000058, 45.80415899900004], [14.710645363000026, 45.802347919000056], [14.732698, 45.78849199900003], [14.737121500000057, 45.78682449900003], [14.742818223000029, 45.78408918200006], [14.747691, 45.77565399900004], [14.750806, 45.77311499900003], [14.751628, 45.77250249900004], [14.757967500000063, 45.76764299900003], [14.764649500000075, 45.76293499900004], [14.766225, 45.761828499000046], [14.767293560000041, 45.759400810000045], [14.787815500000022, 45.74659399900003], [14.791776, 45.74426249900006], [14.800728500000048, 45.739569999000025], [14.819218, 45.72950399900003], [14.820227712000076, 45.728865753000036], [14.823844500000064, 45.72657949900008], [14.83716318200004, 45.73884431700003], [14.838755, 45.74030999900003], [14.84211, 45.74240099900004], [14.83716318200004, 45.74558902500007], [14.832186225000044, 45.748796291000076], [14.831744233000052, 45.75089858500007], [14.831244490000074, 45.75327547200004], [14.826475, 45.75621599900006], [14.820227712000076, 45.75803071900003], [14.809395769000048, 45.761177056000065], [14.79976750000003, 45.77683249900008], [14.799612526000033, 45.78719492300007], [14.804556811000054, 45.79318954800004], [14.804826500000047, 45.79839949900003], [14.812209500000051, 45.79981649900003], [14.820227712000076, 45.80040932900005], [14.836747, 45.79581549900007], [14.850318874000038, 45.79624423800004], [14.858963, 45.80290449900008], [14.858104500000024, 45.804515999000046], [14.857215500000052, 45.812689499000044], [14.85784250000006, 45.83107649900006], [14.857798142000036, 45.83402210300005], [14.852523633000033, 45.83494527300007], [14.848573500000043, 45.83974449900006], [14.852207075000024, 45.844255618000034], [14.845851078000067, 45.846405796000056], [14.843462500000044, 45.85603799900008], [14.845848500000045, 45.85696799900006], [14.859797, 45.856197999000074], [14.866041500000051, 45.856587999000055], [14.870756500000027, 45.85584249900006], [14.879347, 45.85536549900007], [14.88012, 45.85503749900005], [14.879701, 45.85839799900003], [14.881303, 45.85906549900005], [14.879025469000055, 45.85981276600006], [14.882160465000027, 45.861520546000065], [14.882111660000078, 45.86492817900006], [14.876093, 45.870122999000046], [14.875693500000068, 45.87186549900008], [14.871997500000077, 45.87319099900003], [14.87112204500005, 45.87467507100007], [14.872709500000042, 45.877368499000056], [14.860908, 45.88561499900004], [14.860437, 45.88594749900005], [14.867269, 45.890141999000036], [14.874919366000029, 45.89741556300004], [14.876274, 45.90259099900004], [14.88200850000004, 45.90466899900008], [14.879987, 45.91376549900008], [14.878036078000036, 45.91822529900003], [14.87927650000006, 45.92409199900004], [14.879041, 45.92424149900006], [14.878404313000033, 45.92804467600007], [14.884355500000026, 45.93190599900004], [14.886025, 45.93666949900006], [14.883568500000024, 45.938457999000036], [14.8825, 45.943125999000074], [14.883571, 45.94606349900005], [14.886677, 45.94595899900003], [14.891459500000053, 45.94527699900004], [14.902390500000024, 45.94770999900004], [14.902667, 45.94510849900007], [14.908277, 45.94565249900006], [14.9108, 45.953260999000065], [14.916644034000058, 45.95528539000003], [14.924865500000067, 45.96315199900005], [14.926206500000035, 45.96388449900007], [14.933188500000028, 45.96421399900004], [14.938552500000071, 45.96371649900004], [14.938555, 45.97099349900003], [14.938874, 45.97431399900006], [14.948575, 45.97861049900007], [14.95476750000006, 45.978016499000034], [14.957326, 45.977381499000046], [14.964366269000038, 45.97527312200003], [14.968841, 45.97087049900006], [14.969271500000048, 45.96955399900003], [14.985452501000054, 45.96959317500006], [14.988984500000072, 45.96761649900003], [14.993142, 45.96573599900006], [14.996261, 45.96450499900004], [14.998312500000054, 45.963032499000064], [15.007998, 45.964642499000036], [15.013170500000058, 45.96405949900003], [15.018505, 45.967741999000054], [15.014225, 45.97265449900004], [15.014405500000066, 45.973077499000055], [15.024822500000028, 45.97931999900004], [15.031351500000028, 45.978889999000046], [15.032674500000041, 45.987433999000075], [15.028582, 45.993745999000055], [15.027038, 45.995614499000055], [15.025864500000068, 45.99800799900004], [15.02383750000007, 45.99858449900006], [15.021811, 45.998755999000025], [15.026913500000035, 46.004935999000054], [15.052298, 46.00439599900005], [15.052800500000046, 46.004395499000054], [15.054803, 46.00440399900003], [15.057123193000052, 46.01062871500005], [15.057342500000061, 46.012815499000055], [15.068505704000074, 46.01612385300007], [15.082472, 46.01253849900007], [15.080533500000058, 46.02002599900004], [15.082551500000022, 46.02206699900006], [15.09940750000004, 46.01895899900006]]]]}}, {"type": "Feature", "properties": {"NUTS_ID": "SI034", "LEVL_CODE": 3, "CNTR_CODE": "SI", "NAME_LATN": "Savinjska", "NUTS_NAME": "Savinjska", "MOUNT_TYPE": 3, "URBN_TYPE": 3, "COAST_TYPE": 3, "NAME_ENGL": "Slovenia", "NAME_FREN": "Slov\u00e9nie", "ISO3_CODE": "SVN", "SVRG_UN": "UN Member State", "CAPT": "Ljubljana", "EU_STAT": "T", "EFTA_STAT": "F", "CC_STAT": "F", "NAME_GERM": "Slowenien"}, "geometry": {"type": "MultiPolygon", "coordinates": [[[[15.314141500000062, 46.47962599900006], [15.322008334000031, 46.475149842000064], [15.333807500000034, 46.47545849900007], [15.335055557000032, 46.465161909000074], [15.342965382000045, 46.45791790900006], [15.341897500000073, 46.44903749900004], [15.353074754000033, 46.44660967000004], [15.366501809000056, 46.44768916100003], [15.372157997000045, 46.44367974200003], [15.373204500000043, 46.43800749900004], [15.376769168000067, 46.438226642000075], [15.388720484000032, 46.43274539200007], [15.399557783000034, 46.437394520000055], [15.403953778000073, 46.431713036000076], [15.408040500000027, 46.430562499000075], [15.410705257000075, 46.42745436100006], [15.419257, 46.42434799900008], [15.411856500000056, 46.41921449900008], [15.410364, 46.40478849900006], [15.40211885900004, 46.40510823900007], [15.399199500000066, 46.40335249900005], [15.401037, 46.402104499000075], [15.418795, 46.391214999000056], [15.413700500000061, 46.38982499900004], [15.410772745000031, 46.383716907000064], [15.396701, 46.382213499000045], [15.411212500000033, 46.37526549900008], [15.421524500000032, 46.37491949900004], [15.421299, 46.37010949900008], [15.432102, 46.36543549900006], [15.442514500000073, 46.36589749900003], [15.44773, 46.36316899900004], [15.445545500000037, 46.35808699900008], [15.452907, 46.35700049900004], [15.453223, 46.354741499000056], [15.460990551000066, 46.35623959900005], [15.466428, 46.35503399900006], [15.477744, 46.35802749900006], [15.483656, 46.35641049900005], [15.484155824000027, 46.35468485900003], [15.487024, 46.353589499000066], [15.49629, 46.35972049900005], [15.501205102000029, 46.35727542500007], [15.50169550000004, 46.351514999000074], [15.507497, 46.34453049900003], [15.532239452000056, 46.34996515000006], [15.535353, 46.35064899900004], [15.538802331000056, 46.34635701600007], [15.538217, 46.34064499900006], [15.539167500000076, 46.33509949900008], [15.54005950000004, 46.33351399900005], [15.545795500000054, 46.31722599900007], [15.545277500000054, 46.310824499000034], [15.545037500000035, 46.310211999000046], [15.551693, 46.30216349900007], [15.548939, 46.30048499900005], [15.550243669000054, 46.29688685100007], [15.546082, 46.289971999000045], [15.553209500000037, 46.28657299900004], [15.551833214000055, 46.28248485700004], [15.544726, 46.27875649900005], [15.54736560400005, 46.27672898700007], [15.555513659000042, 46.27724687700004], [15.559304, 46.27313699900003], [15.566179317000035, 46.28355254000007], [15.568586, 46.28719799900006], [15.582413817000031, 46.284279721000075], [15.587393500000076, 46.28635649900008], [15.597589, 46.28958399900006], [15.610184, 46.284122499000034], [15.625118, 46.28752349900003], [15.631834500000025, 46.284508499000026], [15.63671450000004, 46.28119749900003], [15.635794, 46.27454449900006], [15.651438695000024, 46.27609833200006], [15.657147416000043, 46.27414967000004], [15.666013, 46.27454299900006], [15.66805, 46.274530999000035], [15.670833500000072, 46.27511749900003], [15.673481, 46.27619949900003], [15.673609500000055, 46.27493099900005], [15.67532650000004, 46.27435299900003], [15.693856692000054, 46.27416896700004], [15.690551618000029, 46.26925425700006], [15.693122441000071, 46.26604981100007], [15.701311086000032, 46.26835157800008], [15.711610545000042, 46.26797116900008], [15.72178850000006, 46.27111749900007], [15.731954500000029, 46.26789449900008], [15.740836948000037, 46.26240427000005], [15.752946, 46.26619049900006], [15.758493500000043, 46.25815699900005], [15.762579, 46.254395499000054], [15.774892992000048, 46.25514439600005], [15.791475500000047, 46.25932749900005], [15.800831319000054, 46.242962101000046], [15.793534500000078, 46.23538849900007], [15.793939919000024, 46.22844710900006], [15.786415500000032, 46.21740299900006], [15.784339500000044, 46.21635449900003], [15.775107500000047, 46.211418999000045], [15.768229, 46.209560999000075], [15.757952792000026, 46.20741039100005], [15.752204516000063, 46.20880525700005], [15.754191677000051, 46.21738059900008], [15.750583659000029, 46.22040512400008], [15.740174911000054, 46.22138204300006], [15.730728485000043, 46.216769115000034], [15.727469746000054, 46.21827964400006], [15.727987, 46.22025799900007], [15.72697043100004, 46.22241312800003], [15.700812636000023, 46.22261536800005], [15.683313500000054, 46.22647199900007], [15.674853, 46.22712399900007], [15.672357, 46.22609649900005], [15.663008565000041, 46.22006501100003], [15.647886853000045, 46.21673078800006], [15.645758500000056, 46.21396099900005], [15.641965500000026, 46.21114649900005], [15.642168450000042, 46.20767780300008], [15.64783178500005, 46.20399328900004], [15.646308500000032, 46.198848499000064], [15.648386595000034, 46.19240933400005], [15.645398149000073, 46.18771276500007], [15.635971, 46.185789999000065], [15.637702500000046, 46.18259849900005], [15.63248296200004, 46.17672966200007], [15.617469500000027, 46.17146249900003], [15.608307, 46.16763349900003], [15.604825321000021, 46.16161510400008], [15.613325757000041, 46.153258952000044], [15.59612450000003, 46.146355999000036], [15.603839184000037, 46.140194853000025], [15.609538153000074, 46.13850000100007], [15.612786352000057, 46.13310304600003], [15.610487338000041, 46.124336518000064], [15.607098, 46.12325349900004], [15.609497220000037, 46.11971882900008], [15.604546500000026, 46.11224899900003], [15.613431892000051, 46.10688921700006], [15.613526500000035, 46.10404549900005], [15.615746787000035, 46.09982722600006], [15.624616152000044, 46.09905926400006], [15.620153500000072, 46.092155999000056], [15.61885, 46.09173499900004], [15.627262, 46.08595349900003], [15.614059, 46.071401499000046], [15.60597315700005, 46.07514904300007], [15.599310024000033, 46.07208359400005], [15.597767500000032, 46.06873499900007], [15.601675500000056, 46.05014299900006], [15.606981500000074, 46.03906599900006], [15.615045104000046, 46.038758777000055], [15.623485004000031, 46.03510834400004], [15.634230500000058, 46.03577749900006], [15.644349500000033, 46.04050749900006], [15.65461166600005, 46.03672292200008], [15.649469656000065, 46.03312718800004], [15.651795500000048, 46.03062999900004], [15.641703, 46.02731349900006], [15.623977032000028, 46.01542498800006], [15.611799653000048, 46.01143548300007], [15.604773500000022, 46.004958499000054], [15.591562500000066, 46.00113149900005], [15.586721545000046, 46.00019406800004], [15.579680719000066, 45.99797119100003], [15.578302500000063, 45.99616099900004], [15.570590500000037, 45.99818849900004], [15.572316396000076, 46.00019406800004], [15.576793241000075, 46.00431076500007], [15.581736909000028, 46.00516436400005], [15.590040485000031, 46.01392117800003], [15.588887619000047, 46.017489117000025], [15.595296, 46.02639499900005], [15.580592, 46.02486999900003], [15.573946, 46.02583149900005], [15.566179317000035, 46.02286935200004], [15.56388623500004, 46.02199476000004], [15.557413, 46.023089999000035], [15.54604450000005, 46.02007449900003], [15.546496111000067, 46.02537063400007], [15.541643, 46.03470099900005], [15.543161887000053, 46.04144783500004], [15.538767, 46.04860449900008], [15.532239452000056, 46.048678093000035], [15.53056250000003, 46.04869699900007], [15.522692711000047, 46.06147740200004], [15.516323929000066, 46.06416335000006], [15.510263934000022, 46.06431275700004], [15.505422527000064, 46.05997748000004], [15.498454500000037, 46.05783099900003], [15.496480133000034, 46.061526179000055], [15.482941500000038, 46.06900999900006], [15.47920350000004, 46.07026999900006], [15.472713500000054, 46.071724999000025], [15.470768, 46.070959499000026], [15.453259345000049, 46.06730674900007], [15.442885493000063, 46.06992771100005], [15.430795, 46.06746449900004], [15.408235500000046, 46.065968499000064], [15.394546500000047, 46.06773799900003], [15.389651146000062, 46.06884517900005], [15.385621, 46.07285249900008], [15.379473390000044, 46.07336291100006], [15.373321500000031, 46.07112249900007], [15.370669, 46.06922099900004], [15.358607500000062, 46.074185999000065], [15.34287501700004, 46.07243439500007], [15.333880500000078, 46.07344799900005], [15.317871785000023, 46.074984665000045], [15.309031, 46.07376049900006], [15.305190500000037, 46.072924999000065], [15.297560231000034, 46.06828998200007], [15.281767087000048, 46.068340972000044], [15.28261150000003, 46.05496399900005], [15.272965659000022, 46.06008645600008], [15.274841, 46.07183549900003], [15.273777315000075, 46.07443476000003], [15.26636757500006, 46.07509636300006], [15.267511769000066, 46.08388488700007], [15.263138500000025, 46.08906649900007], [15.261815500000068, 46.08871249900005], [15.261932693000062, 46.08478258700006], [15.256127527000046, 46.08025753900006], [15.247361480000052, 46.07734874400006], [15.234374, 46.077269999000066], [15.223692, 46.083596999000065], [15.221324, 46.08446699900003], [15.219456, 46.08599849900003], [15.217683, 46.08708899900006], [15.208878476000052, 46.08225331500006], [15.198741, 46.08228199900003], [15.196233157000052, 46.085350024000036], [15.185648318000062, 46.08335497200005], [15.182775, 46.07836449900003], [15.18066250000004, 46.078809499000045], [15.174753, 46.07762849900007], [15.17120250000005, 46.08014249900003], [15.171785, 46.08347699900003], [15.156491, 46.09122799900007], [15.154900500000053, 46.09341049900007], [15.153906, 46.094486999000026], [15.151357, 46.09644299900003], [15.149802, 46.09712549900007], [15.141165215000058, 46.10119827200003], [15.133714500000053, 46.104711499000075], [15.138641333000066, 46.10728014800003], [15.139883500000053, 46.11246699900005], [15.152584, 46.105698999000026], [15.170109500000024, 46.09999999900003], [15.173696175000032, 46.10701915200008], [15.187345611000069, 46.110003799000026], [15.187966, 46.11188199900005], [15.182032336000077, 46.11550979200007], [15.18006, 46.12445999900007], [15.174710563000076, 46.12736122300004], [15.175376500000027, 46.13190449900003], [15.166298, 46.138730999000074], [15.15801, 46.140790999000046], [15.157371500000067, 46.14151899900003], [15.156157295000071, 46.14345287900005], [15.156592, 46.14685999900007], [15.157657500000028, 46.15047799900003], [15.150679, 46.15234949900008], [15.14582850000005, 46.159395999000026], [15.141165215000058, 46.15793639200007], [15.136343, 46.156426999000075], [15.130591, 46.15627899900005], [15.126654482000049, 46.159219688000064], [15.129836088000047, 46.16567489100004], [15.124126054000044, 46.16711370400003], [15.122822426000027, 46.171381679000035], [15.12223977900004, 46.173859083000025], [15.111759, 46.18176699900005], [15.10713271000003, 46.18356345900003], [15.10713271000003, 46.18765579500007], [15.098756500000036, 46.19087199900008], [15.075114, 46.18348799900008], [15.048639699000034, 46.18962154400003], [15.043819, 46.19755949900008], [15.038152671000034, 46.19289476500006], [15.028888, 46.191186499000025], [15.02381574900005, 46.19241872900005], [15.014638804000072, 46.189904082000055], [15.01126339700005, 46.191619926000044], [15.012130655000021, 46.19533805300006], [15.009897500000022, 46.196758499000055], [15.004825, 46.19572499900005], [14.988502873000073, 46.194755290000046], [14.980983813000023, 46.196995693000076], [14.974621500000069, 46.194525499000065], [14.970102500000053, 46.19370099900004], [14.968747500000063, 46.193992999000045], [14.963929500000063, 46.19258349900008], [14.954423, 46.18925599900007], [14.950861, 46.18828699900007], [14.945111, 46.18639949900006], [14.943194, 46.18635399900006], [14.930149, 46.186130999000056], [14.928393, 46.18679999900007], [14.925041500000077, 46.188957499000026], [14.925157, 46.18958749900003], [14.920115743000053, 46.19549296200006], [14.909493500000053, 46.19831699900004], [14.909066, 46.20210649900008], [14.908764500000075, 46.20756599900005], [14.908703, 46.207666999000025], [14.910131613000033, 46.21302999100004], [14.919820070000071, 46.21363714600005], [14.928218500000071, 46.21690999900005], [14.913075862000028, 46.21947513400005], [14.907213500000069, 46.22939249900003], [14.899552438000057, 46.22938860200003], [14.893968420000022, 46.23325650800007], [14.885807, 46.233565999000064], [14.885127, 46.236372499000026], [14.883938, 46.237606999000036], [14.872558500000025, 46.241224499000054], [14.869924, 46.24173599900007], [14.867818500000055, 46.24234849900006], [14.86457050000007, 46.24390099900006], [14.860422500000027, 46.24546349900004], [14.859594500000071, 46.246649999000056], [14.854123500000071, 46.25038549900006], [14.83716318200004, 46.25231879800003], [14.824655500000063, 46.25374449900005], [14.819442, 46.25370249900004], [14.814441500000044, 46.25337249900008], [14.804467, 46.25545399900005], [14.791247, 46.252286999000034], [14.774199278000026, 46.25020591900005], [14.765915312000061, 46.25300923100008], [14.754486500000041, 46.25098299900003], [14.751391, 46.252241499000036], [14.747731, 46.25425699900006], [14.74510250000003, 46.25532449900004], [14.738955, 46.25523149900005], [14.733306500000026, 46.25658249900005], [14.714217500000075, 46.257426499000076], [14.710645363000026, 46.25772178400007], [14.704025500000057, 46.25826899900005], [14.702275, 46.26051749900006], [14.695606500000054, 46.26637449900005], [14.704991135000057, 46.27814566200004], [14.704880500000058, 46.28455499900008], [14.704636, 46.284834499000056], [14.682659, 46.281633999000064], [14.674309332000064, 46.28446960400004], [14.676922494000053, 46.30211998800007], [14.672993051000049, 46.31147055000008], [14.665732500000047, 46.31384049900004], [14.665241500000036, 46.31426749900004], [14.657702500000028, 46.31471399900005], [14.641473579000035, 46.32796608900003], [14.638258696000037, 46.33059089200003], [14.637874500000066, 46.364228499000035], [14.615134627000032, 46.35798175900004], [14.594617300000039, 46.359666735000076], [14.587533781000047, 46.355847220000044], [14.567191576000027, 46.36664622200004], [14.565212, 46.36769699900003], [14.565175500000066, 46.37245349900007], [14.567191576000027, 46.37506118300007], [14.578871982000067, 46.378209697000045], [14.57973263100007, 46.384602114000074], [14.586942300000032, 46.39505322100007], [14.589075910000076, 46.41178533000004], [14.583571949000032, 46.41753343000005], [14.587302326000042, 46.42954638400005], [14.597496166000042, 46.43666476000004], [14.613709492000055, 46.43964771200007], [14.629540779000024, 46.439348325000026], [14.641473579000035, 46.44223114600004], [14.643923500000028, 46.44282299900004], [14.659776011000076, 46.44484860400007], [14.667610675000049, 46.450041793000025], [14.674580500000047, 46.450687499000026], [14.689181136000059, 46.44827240800004], [14.710645363000026, 46.44895988900004], [14.72075688800004, 46.449283749000074], [14.724255127000049, 46.44544068000005], [14.732412726000064, 46.44442307400004], [14.739356, 46.44013849900006], [14.752904500000056, 46.41940899900004], [14.762590674000023, 46.42281624700007], [14.765915312000061, 46.43064983000005], [14.772667075000072, 46.43139068600004], [14.77943508800007, 46.42763292300003], [14.786542500000053, 46.42926799900005], [14.791685193000035, 46.42533541500006], [14.800345, 46.42296749900004], [14.818024, 46.423410499000056], [14.834412109000027, 46.423658310000064], [14.83716318200004, 46.422260823000045], [14.845741524000061, 46.417902980000065], [14.851378, 46.41888699900005], [14.881606, 46.419966499000054], [14.895661076000067, 46.42049600100006], [14.906232, 46.42636749900004], [14.913450527000066, 46.43294959800005], [14.943635500000028, 46.43374199900006], [14.946439889000033, 46.440327221000075], [14.961421029000064, 46.444590617000074], [14.954275500000051, 46.45560949900005], [14.978112115000044, 46.45108337000005], [15.005967500000054, 46.438604499000064], [15.01650950000004, 46.440195499000026], [15.043757500000027, 46.435617499000045], [15.063160500000038, 46.43378349900007], [15.07903512100006, 46.42873695900005], [15.087930500000027, 46.42345449900006], [15.089062, 46.42312049900005], [15.088102423000066, 46.43138289600006], [15.092568, 46.43428299900006], [15.10364063000003, 46.42940745900006], [15.10713271000003, 46.42877278700007], [15.117537660000039, 46.42688168600006], [15.118204677000051, 46.42174675000007], [15.122723, 46.41886899900004], [15.124737959000072, 46.414130525000076], [15.130794, 46.41026799900004], [15.141165215000058, 46.40705811000004], [15.145114974000023, 46.40735049600005], [15.148925637000048, 46.403394666000054], [15.15682350000003, 46.40207449900004], [15.157810123000047, 46.40713590200005], [15.165474982000035, 46.41006758000003], [15.170686843000055, 46.40881587300004], [15.178355, 46.410708499000066], [15.179356763000044, 46.40297612400008], [15.171404214000063, 46.39559486600007], [15.171526500000027, 46.39203899900008], [15.187700500000062, 46.38657949900005], [15.220088500000031, 46.38910849900003], [15.227701500000023, 46.39003099900003], [15.234204, 46.39041749900008], [15.231709348000038, 46.396138128000075], [15.240303441000037, 46.40057847000003], [15.253615973000024, 46.41349643800004], [15.252837, 46.41805849900004], [15.254666, 46.41954899900003], [15.25621834900005, 46.42753659700003], [15.264338, 46.43673799900006], [15.266122500000051, 46.44241999900004], [15.269946, 46.444435499000065], [15.281696275000058, 46.44468536800008], [15.295002384000043, 46.44866738800005], [15.320632, 46.44934899900005], [15.327502569000046, 46.45590272100003], [15.312259993000055, 46.46892542100005], [15.310519635000048, 46.47855386500004], [15.314141500000062, 46.47962599900006]]]]}}, {"type": "Feature", "properties": {"NUTS_ID": "SI035", "LEVL_CODE": 3, "CNTR_CODE": "SI", "NAME_LATN": "Zasavska", "NUTS_NAME": "Zasavska", "MOUNT_TYPE": 3, "URBN_TYPE": 3, "COAST_TYPE": 3, "NAME_ENGL": "Slovenia", "NAME_FREN": "Slov\u00e9nie", "ISO3_CODE": "SVN", "SVRG_UN": "UN Member State", "CAPT": "Ljubljana", "EU_STAT": "T", "EFTA_STAT": "F", "CC_STAT": "F", "NAME_GERM": "Slowenien"}, "geometry": {"type": "MultiPolygon", "coordinates": [[[[14.928393, 46.18679999900007], [14.930149, 46.186130999000056], [14.943194, 46.18635399900006], [14.945111, 46.18639949900006], [14.950861, 46.18828699900007], [14.954423, 46.18925599900007], [14.963929500000063, 46.19258349900008], [14.968747500000063, 46.193992999000045], [14.970102500000053, 46.19370099900004], [14.974621500000069, 46.194525499000065], [14.980983813000023, 46.196995693000076], [14.988502873000073, 46.194755290000046], [15.004825, 46.19572499900005], [15.009897500000022, 46.196758499000055], [15.012130655000021, 46.19533805300006], [15.01126339700005, 46.191619926000044], [15.014638804000072, 46.189904082000055], [15.02381574900005, 46.19241872900005], [15.028888, 46.191186499000025], [15.038152671000034, 46.19289476500006], [15.043819, 46.19755949900008], [15.048639699000034, 46.18962154400003], [15.075114, 46.18348799900008], [15.098756500000036, 46.19087199900008], [15.10713271000003, 46.18765579500007], [15.10713271000003, 46.18356345900003], [15.111759, 46.18176699900005], [15.12223977900004, 46.173859083000025], [15.122822426000027, 46.171381679000035], [15.124126054000044, 46.16711370400003], [15.129836088000047, 46.16567489100004], [15.126654482000049, 46.159219688000064], [15.130591, 46.15627899900005], [15.136343, 46.156426999000075], [15.141165215000058, 46.15793639200007], [15.14582850000005, 46.159395999000026], [15.150679, 46.15234949900008], [15.157657500000028, 46.15047799900003], [15.156592, 46.14685999900007], [15.156157295000071, 46.14345287900005], [15.157371500000067, 46.14151899900003], [15.15801, 46.140790999000046], [15.166298, 46.138730999000074], [15.175376500000027, 46.13190449900003], [15.174710563000076, 46.12736122300004], [15.18006, 46.12445999900007], [15.182032336000077, 46.11550979200007], [15.187966, 46.11188199900005], [15.187345611000069, 46.110003799000026], [15.173696175000032, 46.10701915200008], [15.170109500000024, 46.09999999900003], [15.152584, 46.105698999000026], [15.139883500000053, 46.11246699900005], [15.138641333000066, 46.10728014800003], [15.133714500000053, 46.104711499000075], [15.141165215000058, 46.10119827200003], [15.149802, 46.09712549900007], [15.151357, 46.09644299900003], [15.153906, 46.094486999000026], [15.154900500000053, 46.09341049900007], [15.141165215000058, 46.087168028000065], [15.138948500000026, 46.08616049900007], [15.122822426000027, 46.086303401000066], [15.119706156000063, 46.08975488100003], [15.110242529000061, 46.090407078000055], [15.10713271000003, 46.09165331000003], [15.102051500000073, 46.09368949900005], [15.098574976000066, 46.08380154200006], [15.102410500000076, 46.08221899900008], [15.096496880000075, 46.07797720900004], [15.085885613000073, 46.07866425600008], [15.082839500000034, 46.07715949900006], [15.085120102000076, 46.074496372000056], [15.08361, 46.06793549900004], [15.075693140000055, 46.07067591900005], [15.06730650000003, 46.06552249900005], [15.068204500000036, 46.05988049900003], [15.067111, 46.05964299900006], [15.072359848000076, 46.046318101000054], [15.076424, 46.04286299900008], [15.076611, 46.042669999000054], [15.088497, 46.04075099900007], [15.089987, 46.03143249900006], [15.09216, 46.02913649900006], [15.09098350000005, 46.028538999000034], [15.09940750000004, 46.01895899900006], [15.082551500000022, 46.02206699900006], [15.080533500000058, 46.02002599900004], [15.082472, 46.01253849900007], [15.068505704000074, 46.01612385300007], [15.057342500000061, 46.012815499000055], [15.057123193000052, 46.01062871500005], [15.054803, 46.00440399900003], [15.052800500000046, 46.004395499000054], [15.052298, 46.00439599900005], [15.026913500000035, 46.004935999000054], [15.021811, 45.998755999000025], [15.02383750000007, 45.99858449900006], [15.025864500000068, 45.99800799900004], [15.027038, 45.995614499000055], [15.028582, 45.993745999000055], [15.032674500000041, 45.987433999000075], [15.031351500000028, 45.978889999000046], [15.024822500000028, 45.97931999900004], [15.014405500000066, 45.973077499000055], [15.014225, 45.97265449900004], [15.018505, 45.967741999000054], [15.013170500000058, 45.96405949900003], [15.007998, 45.964642499000036], [14.998312500000054, 45.963032499000064], [14.996261, 45.96450499900004], [14.993142, 45.96573599900006], [14.988984500000072, 45.96761649900003], [14.985452501000054, 45.96959317500006], [14.969271500000048, 45.96955399900003], [14.968841, 45.97087049900006], [14.964366269000038, 45.97527312200003], [14.957326, 45.977381499000046], [14.95476750000006, 45.978016499000034], [14.948575, 45.97861049900007], [14.947692, 45.984323999000026], [14.947782, 45.98451299900006], [14.942308500000024, 45.98555399900005], [14.942244, 45.98554499900007], [14.931261, 45.98462149900007], [14.925503500000048, 45.985175499000036], [14.924011504000077, 45.992595067000025], [14.928980727000067, 45.99698304700007], [14.928216500000076, 46.00391949900006], [14.926612500000033, 46.006023999000035], [14.921654, 46.00611999900008], [14.923132613000064, 46.01062871500005], [14.92397, 46.01236599900005], [14.927006229000028, 46.019764173000056], [14.922172500000045, 46.03318549900007], [14.918941500000074, 46.034181999000054], [14.923468, 46.04007849900006], [14.925164376000055, 46.04236049200006], [14.924662253000065, 46.043780439000045], [14.919607259000031, 46.04564538600005], [14.914685500000076, 46.046298499000045], [14.908332, 46.05196249900007], [14.90491650000007, 46.054298999000025], [14.902053097000078, 46.056161244000066], [14.896644, 46.05511099900008], [14.89345, 46.06298999900008], [14.885948963000033, 46.062780590000045], [14.864968500000032, 46.07105799900006], [14.871222687000056, 46.06149445300008], [14.869230500000072, 46.05619899900006], [14.86369552800005, 46.05617266500008], [14.855669, 46.05280849900004], [14.852657, 46.05321899900008], [14.847527, 46.05305899900003], [14.847073500000022, 46.053562499000066], [14.83716318200004, 46.05023751400006], [14.83140050000003, 46.04830399900004], [14.825618789000032, 46.04862002600004], [14.819108, 46.05336899900004], [14.809467243000029, 46.054338107000035], [14.805137843000068, 46.051639873000056], [14.807320986000036, 46.048261205000074], [14.792829, 46.04454299900004], [14.784000527000046, 46.050734179000074], [14.771141, 46.05248299900006], [14.765915312000061, 46.055009479000034], [14.764015500000028, 46.05667049900006], [14.765915312000061, 46.05684063500007], [14.767993, 46.057353499000044], [14.765915312000061, 46.05857021400004], [14.753299476000052, 46.06626612900004], [14.746051500000021, 46.06797849900005], [14.745947500000057, 46.06812199900003], [14.727580917000068, 46.06565844800008], [14.720417500000053, 46.06783799900006], [14.722279713000034, 46.07245375900004], [14.711757500000033, 46.07792999900005], [14.715270500000031, 46.08264999900007], [14.716095500000051, 46.08418499900006], [14.747857500000066, 46.088748999000074], [14.753135, 46.09427599900005], [14.752535, 46.09544449900005], [14.751787500000034, 46.09778199900006], [14.758971, 46.09955199900003], [14.762296500000048, 46.10523599900006], [14.765915312000061, 46.10566315400007], [14.768315715000028, 46.10705480400003], [14.772015445000022, 46.10519122000005], [14.780106, 46.109185499000034], [14.783293, 46.10788699900007], [14.793147822000037, 46.10719021700004], [14.791972388000033, 46.11247926900006], [14.794046, 46.113810999000066], [14.796295809000071, 46.11506942300008], [14.80398450000007, 46.113286499000026], [14.803082500000073, 46.115781499000036], [14.797365, 46.122821499000054], [14.810908654000059, 46.128154332000065], [14.819076191000022, 46.12759267200005], [14.823525500000073, 46.130735499000025], [14.826549, 46.13358499900005], [14.833886500000062, 46.135882999000046], [14.836673932000053, 46.13923366200004], [14.829346, 46.14140799900008], [14.83716318200004, 46.14133406700006], [14.839068057000077, 46.14131605100005], [14.842369, 46.144727499000055], [14.841554, 46.14756999900004], [14.83716318200004, 46.14899538600008], [14.835125078000033, 46.14965700100004], [14.831047, 46.156786999000076], [14.826703500000065, 46.158858999000074], [14.826458197000022, 46.16415432000008], [14.81569053000004, 46.166869803000054], [14.813872, 46.17049999900007], [14.82756450000005, 46.16928849900006], [14.83716318200004, 46.169440619000056], [14.843087, 46.169534499000065], [14.85653387700006, 46.17139049000008], [14.860435, 46.17384099900005], [14.868845, 46.17700849900007], [14.879140964000044, 46.17687158600006], [14.887441, 46.17413449900005], [14.890912411000045, 46.175975969000035], [14.889479158000029, 46.18040251900004], [14.895813500000031, 46.182713499000045], [14.900352, 46.18607699900008], [14.901237500000036, 46.18718349900007], [14.900613500000077, 46.19326249900007], [14.902595500000075, 46.19586249900004], [14.89824, 46.20539799900007], [14.908764500000075, 46.20756599900005], [14.909066, 46.20210649900008], [14.909493500000053, 46.19831699900004], [14.920115743000053, 46.19549296200006], [14.925157, 46.18958749900003], [14.925041500000077, 46.188957499000026], [14.928393, 46.18679999900007]]]]}}, {"type": "Feature", "properties": {"NUTS_ID": "SI031", "LEVL_CODE": 3, "CNTR_CODE": "SI", "NAME_LATN": "Pomurska", "NUTS_NAME": "Pomurska", "MOUNT_TYPE": 4, "URBN_TYPE": 3, "COAST_TYPE": 3, "NAME_ENGL": "Slovenia", "NAME_FREN": "Slov\u00e9nie", "ISO3_CODE": "SVN", "SVRG_UN": "UN Member State", "CAPT": "Ljubljana", "EU_STAT": "T", "EFTA_STAT": "F", "CC_STAT": "F", "NAME_GERM": "Slowenien"}, "geometry": {"type": "MultiPolygon", "coordinates": [[[[16.241759, 46.87628599900006], [16.259984, 46.87246749900004], [16.291385500000047, 46.87283349900008], [16.297451, 46.86644449900007], [16.30054651100005, 46.860540695000054], [16.30765516400004, 46.85907984500005], [16.30992424300007, 46.85665167700006], [16.31812749200003, 46.85598494300007], [16.329679629000054, 46.84539457200003], [16.337835382000037, 46.84641602900007], [16.343219500000032, 46.84323149900007], [16.347204803000068, 46.840435770000056], [16.350006294000025, 46.83103031500008], [16.344931278000047, 46.82895894200004], [16.343565720000072, 46.82287834200008], [16.34046905300005, 46.82071099800004], [16.34136, 46.81284499900005], [16.339888, 46.80398149900003], [16.31297, 46.79763899900007], [16.31216150000006, 46.77800249900008], [16.329971, 46.777900499000054], [16.318733500000064, 46.75561349900005], [16.331654198000024, 46.74845341300005], [16.342922500000043, 46.73701149900006], [16.345347, 46.73622549900006], [16.349910126000054, 46.729720643000064], [16.347215, 46.724530499000025], [16.352712281000038, 46.72423009900007], [16.357164302000058, 46.71608238200008], [16.364441270000043, 46.71776670100007], [16.370793500000048, 46.72224349900006], [16.379312194000022, 46.71247472200008], [16.368553500000075, 46.704229499000064], [16.383584289000055, 46.69826494200004], [16.420254, 46.695891999000025], [16.42654550000003, 46.69493699900005], [16.42662450000006, 46.691880999000034], [16.42215172600004, 46.681741067000075], [16.42434275100004, 46.67863983500007], [16.42087528600007, 46.67493882000008], [16.424517021000042, 46.671484349000025], [16.424127, 46.66808799900008], [16.419394871000065, 46.66476453300004], [16.419798, 46.658479499000066], [16.40426651000007, 46.65927311300004], [16.396834427000044, 46.66428463200003], [16.392900078000025, 46.66375617400007], [16.393412500000068, 46.66180299900003], [16.39072955200004, 46.65575556400006], [16.38545812800004, 46.65227672200007], [16.39033150000006, 46.63820749900003], [16.392132848000074, 46.63439504400003], [16.401103500000033, 46.63295849900004], [16.404417500000022, 46.63235099900004], [16.412845283000024, 46.62679031600004], [16.421411500000033, 46.61686399900003], [16.424857, 46.61316399900005], [16.431648, 46.61306049900003], [16.433663, 46.61314949900003], [16.445418500000073, 46.61097949900005], [16.452099504000046, 46.60097728800008], [16.461968674000047, 46.59598189500008], [16.467697043000044, 46.58772908100008], [16.469148, 46.58563849900003], [16.47442777200007, 46.586551780000036], [16.482889544000045, 46.57879341600005], [16.482797, 46.566204999000036], [16.482995500000072, 46.56603799900006], [16.494474341000057, 46.562989671000025], [16.498734609000053, 46.563686019000045], [16.50841950000006, 46.56526899900007], [16.509979500000043, 46.563375499000074], [16.516481, 46.555431499000065], [16.518859333000023, 46.54697776300003], [16.51616050000007, 46.54120949900005], [16.51901302400006, 46.535921968000025], [16.527090647000023, 46.53463820500008], [16.53149580300004, 46.53132734700006], [16.53034485200004, 46.525113919000034], [16.52498676700003, 46.51947514300008], [16.52580450000005, 46.51555599900007], [16.532514045000028, 46.51347007600003], [16.529854529000033, 46.508418404000054], [16.52485884600003, 46.50747145500003], [16.525220956000055, 46.50454798100003], [16.556424, 46.491543499000045], [16.561289762000058, 46.48939091600005], [16.56749848100003, 46.488376232000064], [16.570730852000054, 46.48456849000007], [16.584923, 46.47725199900003], [16.596805, 46.47590249900003], [16.59500667900005, 46.464623707000044], [16.592100517000063, 46.46263180700004], [16.589635797000028, 46.464398920000065], [16.59044295500007, 46.47245062700006], [16.56885516400007, 46.47239505300007], [16.564140129000066, 46.47387505300003], [16.561289762000058, 46.47760154200006], [16.54023126800007, 46.47653556000006], [16.534270055000036, 46.47021126200008], [16.52633707800004, 46.46805456100003], [16.52448509800007, 46.47060126700006], [16.531897964000052, 46.47795975400004], [16.528740584000047, 46.479227767000054], [16.517140871000038, 46.47789251800003], [16.511614676000022, 46.47962210600008], [16.517734871000073, 46.48914278700005], [16.514744, 46.49232199900007], [16.50754450000005, 46.49212699900005], [16.507424324000056, 46.49521440900003], [16.498734609000053, 46.49662905900004], [16.494478877000063, 46.497321861000046], [16.48685083600003, 46.50163483700004], [16.487208864000024, 46.507989070000065], [16.47802909400002, 46.51198201400007], [16.47123768800003, 46.511528215000055], [16.470275138000034, 46.51677543800008], [16.46666738500005, 46.51677420300007], [16.465647364000063, 46.51331619300004], [16.463301270000045, 46.51402267000003], [16.46483950000004, 46.51909549900006], [16.462922544000037, 46.52064483000004], [16.459050857000022, 46.517008557000054], [16.451593974000048, 46.517602477000025], [16.440623500000072, 46.51500649900004], [16.437951294000072, 46.518904717000055], [16.439758856000026, 46.52595181500004], [16.43707485300007, 46.527865863000045], [16.43241645300003, 46.52753131800006], [16.431237500000066, 46.53068199900008], [16.427293500000076, 46.53287899900005], [16.42363236800003, 46.52817194700003], [16.412982500000055, 46.53295249900003], [16.41067507100007, 46.53236682000005], [16.411168187000044, 46.52807203800006], [16.407364390000055, 46.52744757200003], [16.40250091400003, 46.53230786200004], [16.40290761600005, 46.53819550400004], [16.39995250000004, 46.539161999000044], [16.397035, 46.537521999000035], [16.396344500000055, 46.53604149900008], [16.388132532000043, 46.53634651700003], [16.38382956600003, 46.54151645400003], [16.376410641000064, 46.54123231800003], [16.370047500000055, 46.54414299900003], [16.370705764000036, 46.54695198600007], [16.378706700000066, 46.54782655100007], [16.38145023800007, 46.55029590000004], [16.379801722000025, 46.552254971000025], [16.367522500000064, 46.55483999900008], [16.365448410000056, 46.54710400100004], [16.358136461000072, 46.54547314600006], [16.353174908000028, 46.548272317000055], [16.35008172700003, 46.54335316100003], [16.337327, 46.542650999000045], [16.34312982600005, 46.54103186900005], [16.344292535000022, 46.53796603400008], [16.339756057000045, 46.52859876300005], [16.33594321000004, 46.52778706400005], [16.333033500000056, 46.53002149900004], [16.317843500000038, 46.52590999900008], [16.313046, 46.52445399900006], [16.314379210000027, 46.52108898500006], [16.30931683400007, 46.518797017000054], [16.306678195000075, 46.51398393300008], [16.29951611100006, 46.512308516000076], [16.293326500000035, 46.51436999900005], [16.282159, 46.51532849900008], [16.276423411000053, 46.51535196700007], [16.271956, 46.517799499000034], [16.266004500000065, 46.51534949900008], [16.267263241000023, 46.506865911000034], [16.263407500000028, 46.504864499000064], [16.259860032000063, 46.50131020900005], [16.25226550000002, 46.50045299900006], [16.24162750000005, 46.49834899900003], [16.24214850000004, 46.490075499000056], [16.236472500000048, 46.48962349900006], [16.235205, 46.488623999000026], [16.232087500000034, 46.487715499000046], [16.22476750000004, 46.48820199900007], [16.215118134000022, 46.48230809200004], [16.21604650000006, 46.473801999000045], [16.20848320400006, 46.47234447500006], [16.20134593000006, 46.47931422500005], [16.19077550000003, 46.480245499000034], [16.19231893400007, 46.47247827700005], [16.197924, 46.46623899900004], [16.188837, 46.468848499000046], [16.188031627000043, 46.47338944900008], [16.18577274200004, 46.473996140000054], [16.183142, 46.472217999000065], [16.181309500000054, 46.47339899900004], [16.175022829000056, 46.479248760000075], [16.181715, 46.487235499000064], [16.176076624000075, 46.48998830700003], [16.16748, 46.487517499000035], [16.167075, 46.48756999900007], [16.159276500000033, 46.50061049900006], [16.152809492000074, 46.49561182600007], [16.146256, 46.49594499900007], [16.14417050000003, 46.490695499000026], [16.141596, 46.486109999000064], [16.136059197000066, 46.48499432800003], [16.11780950000002, 46.49029249900008], [16.11631650000004, 46.49247899900007], [16.108961, 46.50102499900004], [16.10482, 46.50057499900004], [16.101903, 46.50020449900006], [16.099036, 46.49900949900007], [16.092524, 46.49968299900007], [16.077540733000035, 46.499742017000074], [16.071221500000036, 46.50163199900004], [16.070186500000034, 46.50155149900007], [16.063173, 46.49914399900007], [16.044926, 46.50703549900004], [16.031836, 46.50888649900003], [16.02247250000005, 46.50780549900003], [16.011612, 46.51020199900006], [16.014321, 46.51290399900006], [16.011168, 46.513209999000026], [16.007603500000073, 46.51564699900007], [16.004315500000075, 46.517310999000074], [16.001997500000073, 46.52376399900004], [15.998344840000073, 46.52976201400003], [15.989341, 46.53451799900006], [15.987979128000063, 46.54011040900008], [15.982825, 46.544020999000054], [15.98117650000006, 46.54639049900004], [15.977133477000052, 46.54976868600005], [15.977074500000072, 46.55125799900003], [15.977470500000038, 46.551442499000075], [15.97526, 46.55181249900005], [15.969351500000073, 46.55485499900004], [15.966263500000025, 46.55685049900006], [15.965577500000052, 46.56270899900005], [15.965249500000027, 46.56309499900004], [15.964844, 46.56669799900004], [15.969186, 46.56937649900004], [15.973283577000075, 46.57548729100006], [15.973115500000063, 46.58077349900003], [15.97334150000006, 46.582370499000035], [15.974394500000074, 46.584122999000044], [15.97404350000005, 46.585506999000074], [15.97054, 46.58683349900008], [15.964860285000043, 46.58772908100008], [15.95937492400003, 46.58833982600004], [15.956200403000025, 46.58772908100008], [15.951730007000037, 46.58772908100008], [15.950941, 46.58720999900004], [15.948885871000073, 46.58772908100008], [15.944390500000054, 46.58886449900007], [15.930012500000032, 46.595750999000074], [15.923161, 46.59610699900003], [15.912551, 46.60625099900005], [15.910787060000075, 46.61176938600005], [15.911929559000043, 46.61514746200004], [15.908586, 46.618532499000025], [15.908097500000054, 46.62021599900004], [15.905790500000023, 46.62163349900004], [15.90870250000006, 46.62486749900006], [15.916240086000073, 46.62448814500004], [15.922442500000045, 46.62721749900004], [15.92293245600007, 46.62987540100005], [15.934771, 46.63569699900006], [15.932841433000021, 46.639489823000076], [15.918990282000038, 46.64064003400006], [15.913443, 46.63791249900004], [15.898916500000041, 46.640840999000034], [15.892851090000022, 46.642005262000055], [15.889411, 46.644757999000035], [15.886377, 46.64514999900007], [15.885684, 46.64511999900003], [15.887428500000055, 46.64893149900007], [15.892014542000027, 46.65629344300004], [15.890965, 46.66437799900007], [15.875957244000062, 46.66654605800005], [15.868519726000045, 46.662807773000054], [15.862646, 46.668697999000074], [15.852964670000063, 46.66867990800006], [15.847586500000034, 46.67106349900007], [15.840063, 46.672051999000075], [15.835245728000075, 46.67848545900006], [15.826439378000032, 46.67924142000004], [15.823287, 46.68236699900007], [15.82041285200006, 46.685499546000074], [15.82588050000004, 46.688634999000044], [15.825679, 46.689343499000074], [15.815753, 46.700282499000025], [15.811135500000034, 46.70016349900004], [15.808782, 46.698190999000076], [15.805974, 46.697748999000055], [15.800853, 46.696078999000065], [15.786422, 46.70746949900007], [15.791147500000022, 46.71041599900008], [15.802688488000058, 46.71561581100008], [15.816972500000077, 46.71908749900007], [15.81885, 46.71948399900003], [15.821608, 46.72006699900004], [15.832637, 46.721974499000055], [15.836001500000066, 46.72227949900008], [15.840876500000036, 46.72238499900004], [15.856136, 46.722326499000076], [15.858612, 46.72222299900005], [15.862296, 46.722068999000044], [15.870458, 46.721054999000046], [15.877155500000072, 46.71967099900007], [15.877844, 46.71951349900007], [15.884449500000073, 46.71740899900004], [15.892814500000043, 46.71397599900007], [15.895496500000036, 46.713381999000035], [15.898329, 46.71298249900008], [15.904189, 46.71209799900004], [15.908677500000067, 46.711006499000064], [15.913911, 46.70922549900007], [15.918296500000054, 46.70721449900003], [15.920236500000044, 46.706029999000066], [15.92182850000006, 46.705057999000076], [15.935146, 46.69577349900004], [15.936674500000038, 46.694746499000075], [15.941948500000024, 46.69120399900004], [15.944288, 46.69010449900003], [15.947065, 46.689066499000035], [15.951192, 46.68799049900008], [15.955002500000035, 46.68743849900005], [15.960003500000028, 46.687005999000064], [15.983621, 46.684614999000075], [15.986824500000068, 46.68384899900008], [15.989230500000076, 46.68327349900005], [15.991409, 46.68268499900006], [15.9962, 46.68139099900003], [15.998362, 46.68058349900008], [16.00038550000005, 46.67946149900007], [16.002522, 46.67771449900005], [16.00347850000003, 46.67660949900005], [16.010867400000052, 46.66521374700005], [16.033452500000067, 46.657893999000066], [16.038086, 46.65614549900005], [16.040112500000077, 46.66147599900006], [16.04013850000007, 46.66292599900004], [16.039801500000067, 46.66549849900008], [16.040718, 46.668322499000055], [16.040706, 46.679050999000026], [16.041428500000052, 46.68242399900004], [16.042027, 46.68429599900003], [16.042508, 46.68579999900004], [16.039503500000023, 46.69090199900006], [16.029631950000066, 46.700881122000055], [16.02972150000005, 46.711013999000045], [16.02178389200003, 46.71149359000003], [16.01370670500006, 46.71689581000004], [16.005465, 46.71652399900006], [16.002401940000027, 46.72365221900003], [15.993866500000024, 46.73060649900003], [15.988236, 46.74506199900003], [15.985647689000075, 46.75247874200005], [15.989208934000033, 46.75812066700007], [15.989034, 46.77493699900003], [15.993793, 46.79180399900008], [15.993038, 46.804335999000045], [15.997087, 46.81183999900003], [15.98878985400006, 46.81913089400007], [15.98594160700003, 46.82648499600003], [15.996236, 46.835398499000064], [16.007658, 46.83064099900008], [16.01232506200006, 46.835081735000074], [16.019448, 46.836925499000074], [16.028755744000023, 46.83995258700003], [16.033461660000057, 46.83340031100005], [16.042412545000047, 46.84006881900007], [16.05051373300006, 46.83799221600003], [16.05469927000007, 46.83984509100003], [16.05839050000003, 46.83866999900005], [16.064382500000022, 46.84461599900004], [16.065719500000057, 46.84989449900007], [16.07252104500003, 46.85279041000007], [16.078899, 46.85262349900006], [16.091931500000044, 46.864580499000056], [16.098345250000023, 46.86155667500003], [16.104587, 46.86425499900008], [16.113849, 46.86906799900004], [16.117729655000062, 46.86407663600005], [16.123937228000045, 46.862431514000036], [16.126874323000038, 46.85754339700003], [16.134729, 46.856119499000044], [16.156085500000074, 46.853706499000054], [16.16448638600002, 46.859667115000036], [16.175274, 46.85709599900008], [16.18577274200004, 46.86579462000003], [16.200145500000076, 46.86808799900007], [16.226693500000067, 46.87105149900003], [16.231448193000062, 46.875509683000075], [16.237384, 46.87629549900004], [16.241759, 46.87628599900006]]], [[[16.358884207000074, 46.538408581000056], [16.35519219500003, 46.538407033000055], [16.355016738000074, 46.54344216000004], [16.359020432000023, 46.54210265800003], [16.358884207000074, 46.538408581000056]]]]}}, {"type": "Feature", "properties": {"NUTS_ID": "SI033", "LEVL_CODE": 3, "CNTR_CODE": "SI", "NAME_LATN": "Koro\u0161ka", "NUTS_NAME": "Koro\u0161ka", "MOUNT_TYPE": 3, "URBN_TYPE": 3, "COAST_TYPE": 3, "NAME_ENGL": "Slovenia", "NAME_FREN": "Slov\u00e9nie", "ISO3_CODE": "SVN", "SVRG_UN": "UN Member State", "CAPT": "Ljubljana", "EU_STAT": "T", "EFTA_STAT": "F", "CC_STAT": "F", "NAME_GERM": "Slowenien"}, "geometry": {"type": "MultiPolygon", "coordinates": [[[[15.144347390000064, 46.65939177100006], [15.156072488000063, 46.65623502300008], [15.160204500000077, 46.65711349900005], [15.169024914000033, 46.65424577400006], [15.182736704000035, 46.655681765000054], [15.19560271100005, 46.64670683300005], [15.205259500000068, 46.64519549900007], [15.224868808000053, 46.643013504000066], [15.23618615600003, 46.63968092300007], [15.251821, 46.64211299900006], [15.262724203000062, 46.64451155200004], [15.278059479000035, 46.64400262700008], [15.294544948000066, 46.652335839000045], [15.307995500000061, 46.65243799900003], [15.308221, 46.65241799900008], [15.320195842000032, 46.648435455000026], [15.327814831000069, 46.65258700500004], [15.335479500000076, 46.65318299900008], [15.342938252000067, 46.65108593700006], [15.352638057000036, 46.654479682000044], [15.357186213000034, 46.65158805900006], [15.37432750000005, 46.65046649900006], [15.382896500000072, 46.65162399900004], [15.401979500000039, 46.65354849900007], [15.410350013000027, 46.64651234400003], [15.412209977000032, 46.64159338800005], [15.418893924000031, 46.640718625000034], [15.430202990000055, 46.63522865600004], [15.433692307000058, 46.62832508300005], [15.433731, 46.61884699900003], [15.447783, 46.61759599900006], [15.441830500000037, 46.61197949900003], [15.442315245000032, 46.60881306200008], [15.433205250000071, 46.59726241100003], [15.430628726000066, 46.58923783100005], [15.431475756000054, 46.58772908100008], [15.434734129000049, 46.58489866200006], [15.443379236000055, 46.586996655000064], [15.446302500000058, 46.58530299900008], [15.443302, 46.58223799900003], [15.439063605000058, 46.578895114000034], [15.438662112000031, 46.56732000800008], [15.426425, 46.563273999000046], [15.39732250000003, 46.582632499000056], [15.38751250000007, 46.58295449900004], [15.370191500000033, 46.58400149900007], [15.365590500000053, 46.58093049900003], [15.363628, 46.58015399900006], [15.369961927000077, 46.571339668000064], [15.369449394000071, 46.56359326200004], [15.363544786000034, 46.56055184000007], [15.35801030700003, 46.561987902000055], [15.353550145000042, 46.551279745000045], [15.346276451000051, 46.55381888200003], [15.344163931000026, 46.54976868600005], [15.34548250000006, 46.548046999000064], [15.339126776000057, 46.53223770300008], [15.340489504000061, 46.529059360000076], [15.335129628000061, 46.52204209800004], [15.324304834000031, 46.518402897000044], [15.325025, 46.51156199900004], [15.312996500000054, 46.49828799900007], [15.31115550000004, 46.49054749900006], [15.315183655000055, 46.48396612300007], [15.314141500000062, 46.47962599900006], [15.310519635000048, 46.47855386500004], [15.312259993000055, 46.46892542100005], [15.327502569000046, 46.45590272100003], [15.320632, 46.44934899900005], [15.295002384000043, 46.44866738800005], [15.281696275000058, 46.44468536800008], [15.269946, 46.444435499000065], [15.266122500000051, 46.44241999900004], [15.264338, 46.43673799900006], [15.25621834900005, 46.42753659700003], [15.254666, 46.41954899900003], [15.252837, 46.41805849900004], [15.253615973000024, 46.41349643800004], [15.240303441000037, 46.40057847000003], [15.231709348000038, 46.396138128000075], [15.234204, 46.39041749900008], [15.227701500000023, 46.39003099900003], [15.220088500000031, 46.38910849900003], [15.187700500000062, 46.38657949900005], [15.171526500000027, 46.39203899900008], [15.171404214000063, 46.39559486600007], [15.179356763000044, 46.40297612400008], [15.178355, 46.410708499000066], [15.170686843000055, 46.40881587300004], [15.165474982000035, 46.41006758000003], [15.157810123000047, 46.40713590200005], [15.15682350000003, 46.40207449900004], [15.148925637000048, 46.403394666000054], [15.145114974000023, 46.40735049600005], [15.141165215000058, 46.40705811000004], [15.130794, 46.41026799900004], [15.124737959000072, 46.414130525000076], [15.122723, 46.41886899900004], [15.118204677000051, 46.42174675000007], [15.117537660000039, 46.42688168600006], [15.10713271000003, 46.42877278700007], [15.10364063000003, 46.42940745900006], [15.092568, 46.43428299900006], [15.088102423000066, 46.43138289600006], [15.089062, 46.42312049900005], [15.087930500000027, 46.42345449900006], [15.07903512100006, 46.42873695900005], [15.063160500000038, 46.43378349900007], [15.043757500000027, 46.435617499000045], [15.01650950000004, 46.440195499000026], [15.005967500000054, 46.438604499000064], [14.978112115000044, 46.45108337000005], [14.954275500000051, 46.45560949900005], [14.961421029000064, 46.444590617000074], [14.946439889000033, 46.440327221000075], [14.943635500000028, 46.43374199900006], [14.913450527000066, 46.43294959800005], [14.906232, 46.42636749900004], [14.895661076000067, 46.42049600100006], [14.881606, 46.419966499000054], [14.851378, 46.41888699900005], [14.845741524000061, 46.417902980000065], [14.83716318200004, 46.422260823000045], [14.834412109000027, 46.423658310000064], [14.818024, 46.423410499000056], [14.800345, 46.42296749900004], [14.791685193000035, 46.42533541500006], [14.786542500000053, 46.42926799900005], [14.77943508800007, 46.42763292300003], [14.772667075000072, 46.43139068600004], [14.765915312000061, 46.43064983000005], [14.762590674000023, 46.42281624700007], [14.752904500000056, 46.41940899900004], [14.739356, 46.44013849900006], [14.732412726000064, 46.44442307400004], [14.724255127000049, 46.44544068000005], [14.72075688800004, 46.449283749000074], [14.710645363000026, 46.44895988900004], [14.689181136000059, 46.44827240800004], [14.674580500000047, 46.450687499000026], [14.678623552000033, 46.457423781000045], [14.67675560400005, 46.46174022900004], [14.682768679000048, 46.46696125300008], [14.692912696000064, 46.46406984300006], [14.700884984000027, 46.46561509000003], [14.701831938000055, 46.46940515000006], [14.698507419000066, 46.47495107900005], [14.70259803600004, 46.47994048800007], [14.709225839000055, 46.481793080000045], [14.710645363000026, 46.48606302400003], [14.714999789000046, 46.499159097000074], [14.720860063000032, 46.49831744000005], [14.729601411000033, 46.492462474000035], [14.741474597000035, 46.50459098600004], [14.748335, 46.49759899900005], [14.759093, 46.50444249900005], [14.765915312000061, 46.50439036000006], [14.776378783000041, 46.50405893400006], [14.781582, 46.50102099900005], [14.78662440200003, 46.500167411000064], [14.805794890000072, 46.50725329900007], [14.818606, 46.50938299900008], [14.818423662000043, 46.521765222000056], [14.824391750000075, 46.52977613000007], [14.82275, 46.534542499000054], [14.831860500000062, 46.539322499000036], [14.823367020000035, 46.54411599500003], [14.827682, 46.54783199900004], [14.832164358000057, 46.54976868600005], [14.83716318200004, 46.55740262200004], [14.83716318200004, 46.55914831000007], [14.835321502000056, 46.564129155000046], [14.83716318200004, 46.56565709200004], [14.839322500000037, 46.56744849900008], [14.841672500000072, 46.573814999000035], [14.85176929100004, 46.58140469600005], [14.855518926000059, 46.58772908100008], [14.858465258000024, 46.59269804400003], [14.864772, 46.59330199900006], [14.868171351000058, 46.60520474800006], [14.878334928000072, 46.60892381000008], [14.879666, 46.61124799900006], [14.884301, 46.611744499000054], [14.900038623000057, 46.61132097400008], [14.90609517200005, 46.60556549900008], [14.914744159000065, 46.605642927000076], [14.919311726000046, 46.602548478000074], [14.922469292000073, 46.60371215200007], [14.922071500000072, 46.60793349900007], [14.922679233000054, 46.620015720000026], [14.931786479000039, 46.61598265400005], [14.941955, 46.62093699900004], [14.947814, 46.62575349900004], [14.955676500000038, 46.63272799900005], [14.969414162000078, 46.62563645800003], [14.974213, 46.613068499000065], [14.979315, 46.60139749900003], [14.994781, 46.61381049900007], [14.995460705000028, 46.62174336900006], [15.015989259000037, 46.640211323000074], [15.039570500000025, 46.65039449900007], [15.065120500000035, 46.652112499000054], [15.082399500000065, 46.64514499900008], [15.089158478000058, 46.651927260000036], [15.09772964800004, 46.65349437000003], [15.10713271000003, 46.65814197200007], [15.10869178200005, 46.65891252800003], [15.113696291000053, 46.658145199000046], [15.118681, 46.653781999000046], [15.123326245000044, 46.65383349100006], [15.129397469000025, 46.65080310400003], [15.134800883000025, 46.65651307300004], [15.141165215000058, 46.658432220000066], [15.144347390000064, 46.65939177100006]]]]}}, {"type": "Feature", "properties": {"NUTS_ID": "SI032", "LEVL_CODE": 3, "CNTR_CODE": "SI", "NAME_LATN": "Podravska", "NUTS_NAME": "Podravska", "MOUNT_TYPE": 4, "URBN_TYPE": 3, "COAST_TYPE": 3, "NAME_ENGL": "Slovenia", "NAME_FREN": "Slov\u00e9nie", "ISO3_CODE": "SVN", "SVRG_UN": "UN Member State", "CAPT": "Ljubljana", "EU_STAT": "T", "EFTA_STAT": "F", "CC_STAT": "F", "NAME_GERM": "Slowenien"}, "geometry": {"type": "MultiPolygon", "coordinates": [[[[15.786422, 46.70746949900007], [15.800853, 46.696078999000065], [15.805974, 46.697748999000055], [15.808782, 46.698190999000076], [15.811135500000034, 46.70016349900004], [15.815753, 46.700282499000025], [15.825679, 46.689343499000074], [15.82588050000004, 46.688634999000044], [15.82041285200006, 46.685499546000074], [15.823287, 46.68236699900007], [15.826439378000032, 46.67924142000004], [15.835245728000075, 46.67848545900006], [15.840063, 46.672051999000075], [15.847586500000034, 46.67106349900007], [15.852964670000063, 46.66867990800006], [15.862646, 46.668697999000074], [15.868519726000045, 46.662807773000054], [15.875957244000062, 46.66654605800005], [15.890965, 46.66437799900007], [15.892014542000027, 46.65629344300004], [15.887428500000055, 46.64893149900007], [15.885684, 46.64511999900003], [15.886377, 46.64514999900007], [15.889411, 46.644757999000035], [15.892851090000022, 46.642005262000055], [15.898916500000041, 46.640840999000034], [15.913443, 46.63791249900004], [15.918990282000038, 46.64064003400006], [15.932841433000021, 46.639489823000076], [15.934771, 46.63569699900006], [15.92293245600007, 46.62987540100005], [15.922442500000045, 46.62721749900004], [15.916240086000073, 46.62448814500004], [15.90870250000006, 46.62486749900006], [15.905790500000023, 46.62163349900004], [15.908097500000054, 46.62021599900004], [15.908586, 46.618532499000025], [15.911929559000043, 46.61514746200004], [15.910787060000075, 46.61176938600005], [15.912551, 46.60625099900005], [15.923161, 46.59610699900003], [15.930012500000032, 46.595750999000074], [15.944390500000054, 46.58886449900007], [15.948885871000073, 46.58772908100008], [15.950941, 46.58720999900004], [15.951730007000037, 46.58772908100008], [15.956200403000025, 46.58772908100008], [15.95937492400003, 46.58833982600004], [15.964860285000043, 46.58772908100008], [15.97054, 46.58683349900008], [15.97404350000005, 46.585506999000074], [15.974394500000074, 46.584122999000044], [15.97334150000006, 46.582370499000035], [15.973115500000063, 46.58077349900003], [15.973283577000075, 46.57548729100006], [15.969186, 46.56937649900004], [15.964844, 46.56669799900004], [15.965249500000027, 46.56309499900004], [15.965577500000052, 46.56270899900005], [15.966263500000025, 46.55685049900006], [15.969351500000073, 46.55485499900004], [15.97526, 46.55181249900005], [15.977470500000038, 46.551442499000075], [15.977074500000072, 46.55125799900003], [15.977133477000052, 46.54976868600005], [15.98117650000006, 46.54639049900004], [15.982825, 46.544020999000054], [15.987979128000063, 46.54011040900008], [15.989341, 46.53451799900006], [15.998344840000073, 46.52976201400003], [16.001997500000073, 46.52376399900004], [16.004315500000075, 46.517310999000074], [16.007603500000073, 46.51564699900007], [16.011168, 46.513209999000026], [16.014321, 46.51290399900006], [16.011612, 46.51020199900006], [16.02247250000005, 46.50780549900003], [16.031836, 46.50888649900003], [16.044926, 46.50703549900004], [16.063173, 46.49914399900007], [16.070186500000034, 46.50155149900007], [16.071221500000036, 46.50163199900004], [16.077540733000035, 46.499742017000074], [16.092524, 46.49968299900007], [16.099036, 46.49900949900007], [16.101903, 46.50020449900006], [16.10482, 46.50057499900004], [16.108961, 46.50102499900004], [16.11631650000004, 46.49247899900007], [16.11780950000002, 46.49029249900008], [16.136059197000066, 46.48499432800003], [16.141596, 46.486109999000064], [16.14417050000003, 46.490695499000026], [16.146256, 46.49594499900007], [16.152809492000074, 46.49561182600007], [16.159276500000033, 46.50061049900006], [16.167075, 46.48756999900007], [16.16748, 46.487517499000035], [16.176076624000075, 46.48998830700003], [16.181715, 46.487235499000064], [16.175022829000056, 46.479248760000075], [16.181309500000054, 46.47339899900004], [16.183142, 46.472217999000065], [16.18577274200004, 46.473996140000054], [16.188031627000043, 46.47338944900008], [16.188837, 46.468848499000046], [16.197924, 46.46623899900004], [16.19231893400007, 46.47247827700005], [16.19077550000003, 46.480245499000034], [16.20134593000006, 46.47931422500005], [16.20848320400006, 46.47234447500006], [16.21604650000006, 46.473801999000045], [16.215118134000022, 46.48230809200004], [16.22476750000004, 46.48820199900007], [16.232087500000034, 46.487715499000046], [16.235205, 46.488623999000026], [16.236472500000048, 46.48962349900006], [16.24214850000004, 46.490075499000056], [16.24083150000007, 46.48481999900008], [16.25126965100003, 46.48116226700006], [16.256707, 46.47307699900006], [16.259728, 46.46039049900003], [16.265078542000026, 46.45354064400004], [16.264428500000065, 46.44308599900006], [16.270729500000073, 46.43244149900005], [16.27161, 46.43133099900007], [16.275010957000063, 46.42029185500007], [16.273303, 46.41472949900003], [16.283160633000023, 46.414286041000025], [16.300411500000052, 46.403976499000066], [16.307249067000043, 46.396404182000026], [16.301549, 46.378287999000065], [16.27219350000007, 46.378367499000035], [16.26913, 46.37736999900005], [16.25999304100003, 46.376997224000036], [16.24799, 46.38010399900003], [16.238537809000036, 46.37945627300007], [16.234995837000042, 46.38538598800005], [16.230194872000027, 46.38734850800006], [16.225814296000067, 46.38620318200003], [16.220336088000067, 46.37942795200007], [16.215404380000052, 46.38449250300005], [16.209010500000034, 46.383999999000025], [16.204097887000046, 46.381184475000055], [16.189629790000026, 46.378349366000066], [16.188628, 46.38710099900004], [16.18577274200004, 46.38683388700008], [16.179860500000075, 46.38499099900008], [16.177363, 46.38499399900007], [16.175560500000074, 46.38550599900003], [16.173798, 46.38766349900004], [16.172905738000054, 46.390909081000075], [16.152132291000044, 46.40375396500008], [16.141475308000054, 46.40505699600004], [16.130407500000047, 46.40177199900006], [16.11357350000003, 46.39647349900008], [16.096768, 46.39118349900008], [16.08742436500006, 46.388851368000076], [16.069454500000063, 46.39168499900006], [16.05811650000004, 46.39356599900003], [16.055900500000064, 46.390022499000054], [16.05378, 46.38833649900005], [16.055526500000042, 46.386707999000066], [16.052788, 46.38549049900007], [16.052567, 46.383421499000065], [16.050364500000057, 46.38209849900005], [16.055546, 46.37953899900003], [16.071605076000026, 46.36540842100004], [16.07447650000006, 46.35452799900003], [16.07672725200007, 46.345806337000056], [16.068948500000033, 46.33978299900008], [16.061284, 46.34149299900008], [16.057649, 46.33898449900005], [16.05179875400006, 46.33523886800003], [16.041586386000063, 46.337383113000044], [16.035099500000058, 46.33613149900003], [16.028247574000034, 46.33127819900005], [16.027557500000057, 46.32801549900006], [16.02841250000006, 46.32626249900005], [16.020653, 46.323401499000056], [16.02229032500003, 46.31643401900004], [16.020137500000033, 46.31342599900006], [16.01407798500003, 46.309402300000045], [16.003154031000065, 46.307640452000044], [15.996506500000066, 46.31105849900007], [15.99246450000004, 46.31284499900005], [15.990236924000044, 46.31380517000008], [15.984842445000027, 46.30957770200007], [15.977034500000059, 46.31238049900003], [15.97188650000004, 46.307131499000036], [15.967046500000038, 46.29970399900003], [15.961672, 46.296684999000036], [15.954887, 46.294087999000055], [15.91802498900006, 46.28599627500006], [15.912868, 46.28965949900004], [15.900890147000041, 46.28834783700006], [15.896823418000054, 46.283886204000055], [15.886075735000077, 46.28046506900006], [15.874478500000066, 46.279700999000056], [15.87349450000005, 46.27931949900005], [15.86655550000006, 46.27556899900003], [15.86772299200004, 46.27166467600006], [15.862907818000053, 46.267810980000036], [15.836987798000052, 46.26490170500006], [15.824737507000066, 46.26177362900006], [15.791475500000047, 46.25932749900005], [15.774892992000048, 46.25514439600005], [15.762579, 46.254395499000054], [15.758493500000043, 46.25815699900005], [15.752946, 46.26619049900006], [15.740836948000037, 46.26240427000005], [15.731954500000029, 46.26789449900008], [15.72178850000006, 46.27111749900007], [15.711610545000042, 46.26797116900008], [15.701311086000032, 46.26835157800008], [15.693122441000071, 46.26604981100007], [15.690551618000029, 46.26925425700006], [15.693856692000054, 46.27416896700004], [15.67532650000004, 46.27435299900003], [15.673609500000055, 46.27493099900005], [15.673481, 46.27619949900003], [15.670833500000072, 46.27511749900003], [15.66805, 46.274530999000035], [15.666013, 46.27454299900006], [15.657147416000043, 46.27414967000004], [15.651438695000024, 46.27609833200006], [15.635794, 46.27454449900006], [15.63671450000004, 46.28119749900003], [15.631834500000025, 46.284508499000026], [15.625118, 46.28752349900003], [15.610184, 46.284122499000034], [15.597589, 46.28958399900006], [15.587393500000076, 46.28635649900008], [15.582413817000031, 46.284279721000075], [15.568586, 46.28719799900006], [15.566179317000035, 46.28355254000007], [15.559304, 46.27313699900003], [15.555513659000042, 46.27724687700004], [15.54736560400005, 46.27672898700007], [15.544726, 46.27875649900005], [15.551833214000055, 46.28248485700004], [15.553209500000037, 46.28657299900004], [15.546082, 46.289971999000045], [15.550243669000054, 46.29688685100007], [15.548939, 46.30048499900005], [15.551693, 46.30216349900007], [15.545037500000035, 46.310211999000046], [15.545277500000054, 46.310824499000034], [15.545795500000054, 46.31722599900007], [15.54005950000004, 46.33351399900005], [15.539167500000076, 46.33509949900008], [15.538217, 46.34064499900006], [15.538802331000056, 46.34635701600007], [15.535353, 46.35064899900004], [15.532239452000056, 46.34996515000006], [15.507497, 46.34453049900003], [15.50169550000004, 46.351514999000074], [15.501205102000029, 46.35727542500007], [15.49629, 46.35972049900005], [15.487024, 46.353589499000066], [15.484155824000027, 46.35468485900003], [15.483656, 46.35641049900005], [15.477744, 46.35802749900006], [15.466428, 46.35503399900006], [15.460990551000066, 46.35623959900005], [15.453223, 46.354741499000056], [15.452907, 46.35700049900004], [15.445545500000037, 46.35808699900008], [15.44773, 46.36316899900004], [15.442514500000073, 46.36589749900003], [15.432102, 46.36543549900006], [15.421299, 46.37010949900008], [15.421524500000032, 46.37491949900004], [15.411212500000033, 46.37526549900008], [15.396701, 46.382213499000045], [15.410772745000031, 46.383716907000064], [15.413700500000061, 46.38982499900004], [15.418795, 46.391214999000056], [15.401037, 46.402104499000075], [15.399199500000066, 46.40335249900005], [15.40211885900004, 46.40510823900007], [15.410364, 46.40478849900006], [15.411856500000056, 46.41921449900008], [15.419257, 46.42434799900008], [15.410705257000075, 46.42745436100006], [15.408040500000027, 46.430562499000075], [15.403953778000073, 46.431713036000076], [15.399557783000034, 46.437394520000055], [15.388720484000032, 46.43274539200007], [15.376769168000067, 46.438226642000075], [15.373204500000043, 46.43800749900004], [15.372157997000045, 46.44367974200003], [15.366501809000056, 46.44768916100003], [15.353074754000033, 46.44660967000004], [15.341897500000073, 46.44903749900004], [15.342965382000045, 46.45791790900006], [15.335055557000032, 46.465161909000074], [15.333807500000034, 46.47545849900007], [15.322008334000031, 46.475149842000064], [15.314141500000062, 46.47962599900006], [15.315183655000055, 46.48396612300007], [15.31115550000004, 46.49054749900006], [15.312996500000054, 46.49828799900007], [15.325025, 46.51156199900004], [15.324304834000031, 46.518402897000044], [15.335129628000061, 46.52204209800004], [15.340489504000061, 46.529059360000076], [15.339126776000057, 46.53223770300008], [15.34548250000006, 46.548046999000064], [15.344163931000026, 46.54976868600005], [15.346276451000051, 46.55381888200003], [15.353550145000042, 46.551279745000045], [15.35801030700003, 46.561987902000055], [15.363544786000034, 46.56055184000007], [15.369449394000071, 46.56359326200004], [15.369961927000077, 46.571339668000064], [15.363628, 46.58015399900006], [15.365590500000053, 46.58093049900003], [15.370191500000033, 46.58400149900007], [15.38751250000007, 46.58295449900004], [15.39732250000003, 46.582632499000056], [15.426425, 46.563273999000046], [15.438662112000031, 46.56732000800008], [15.439063605000058, 46.578895114000034], [15.443302, 46.58223799900003], [15.446302500000058, 46.58530299900008], [15.443379236000055, 46.586996655000064], [15.434734129000049, 46.58489866200006], [15.431475756000054, 46.58772908100008], [15.430628726000066, 46.58923783100005], [15.433205250000071, 46.59726241100003], [15.442315245000032, 46.60881306200008], [15.441830500000037, 46.61197949900003], [15.447783, 46.61759599900006], [15.433731, 46.61884699900003], [15.433692307000058, 46.62832508300005], [15.430202990000055, 46.63522865600004], [15.418893924000031, 46.640718625000034], [15.412209977000032, 46.64159338800005], [15.410350013000027, 46.64651234400003], [15.401979500000039, 46.65354849900007], [15.419194220000065, 46.65489005500007], [15.422674928000049, 46.65261139900008], [15.422654506000072, 46.64759605200004], [15.429876725000042, 46.646251336000034], [15.436831147000078, 46.641026200000056], [15.452975367000022, 46.64077905100004], [15.456352285000037, 46.63837394500007], [15.455882001000077, 46.629714027000034], [15.462132500000052, 46.625946499000065], [15.462681928000052, 46.61642530200004], [15.467287580000061, 46.61365465100005], [15.476243835000048, 46.612596806000056], [15.48316271400006, 46.61784834100007], [15.492570866000051, 46.620194370000036], [15.499327504000064, 46.617837414000064], [15.500435500000037, 46.614682499000025], [15.510592754000072, 46.616801398000064], [15.514550753000037, 46.62260789800007], [15.52007, 46.62153549900006], [15.532239452000056, 46.63016424300008], [15.536385993000067, 46.63310403200006], [15.540329305000057, 46.63322114700003], [15.542442, 46.62995099900007], [15.550204503000032, 46.63981170000005], [15.54467048500004, 46.64641278500005], [15.547062781000022, 46.64820250200006], [15.551365500000031, 46.64769849900006], [15.552913052000065, 46.651893726000026], [15.546774, 46.66677449900004], [15.54628, 46.67015349900004], [15.551715097000056, 46.67222833000005], [15.559183, 46.671155999000064], [15.567387, 46.67533499900003], [15.57015350000006, 46.68090999900005], [15.573250500000029, 46.68001699900003], [15.588959550000027, 46.683943026000065], [15.591072, 46.68635049900007], [15.595283470000027, 46.68953551000004], [15.600883960000033, 46.68948506400005], [15.607365110000046, 46.68740206100006], [15.60531809500003, 46.68203824500006], [15.614548, 46.682169499000054], [15.622963500000026, 46.67956749900003], [15.633549500000072, 46.68129749900004], [15.633277118000024, 46.686325692000025], [15.639233938000075, 46.69118082700004], [15.652656500000035, 46.691170999000065], [15.653955630000041, 46.69830628400007], [15.649988, 46.70575699900007], [15.656843, 46.706450999000026], [15.66523, 46.70639249900006], [15.67007650000005, 46.706911999000056], [15.678886454000065, 46.70596960800003], [15.696884369000031, 46.69883927500007], [15.712768, 46.69715049900003], [15.715018500000042, 46.69702199900007], [15.71886, 46.69627599900008], [15.720803500000045, 46.695898999000065], [15.723066, 46.69580999900006], [15.725703, 46.69617399900005], [15.729967500000043, 46.69757199900005], [15.73898288600003, 46.69959506500004], [15.747122, 46.698972999000034], [15.752444, 46.69796899900007], [15.76894666800007, 46.69939563100007], [15.775829, 46.70243449900005], [15.786422, 46.70746949900007]]]]}}, {"type": "Feature", "properties": {"NUTS_ID": "SI044", "LEVL_CODE": 3, "CNTR_CODE": "SI", "NAME_LATN": "Obalno-kra\u0161ka", "NUTS_NAME": "Obalno-kra\u0161ka", "MOUNT_TYPE": 3, "URBN_TYPE": 2, "COAST_TYPE": 1, "NAME_ENGL": "Slovenia", "NAME_FREN": "Slov\u00e9nie", "ISO3_CODE": "SVN", "SVRG_UN": "UN Member State", "CAPT": "Ljubljana", "EU_STAT": "T", "EFTA_STAT": "F", "CC_STAT": "F", "NAME_GERM": "Slowenien"}, "geometry": {"type": "MultiPolygon", "coordinates": [[[[13.786370678000026, 45.83643167500003], [13.789873, 45.83387249900005], [13.811464500000056, 45.83547549900004], [13.811046605000058, 45.84148970100006], [13.818211, 45.84270749900003], [13.823917, 45.843199999000035], [13.835709, 45.838306999000054], [13.840359, 45.83532149900003], [13.841179500000067, 45.83398949900004], [13.846823404000077, 45.828996354000026], [13.855990500000075, 45.826058499000055], [13.86742, 45.82572799900004], [13.87344950000005, 45.82447699900007], [13.875252122000063, 45.82643608600006], [13.892101, 45.82882149900007], [13.89131, 45.82399449900004], [13.896620477000056, 45.823266465000074], [13.897526154000047, 45.81772660900003], [13.902818500000024, 45.81787399900003], [13.901318500000059, 45.81437299900006], [13.905779953000035, 45.81408994000003], [13.9079, 45.81142149900006], [13.909135500000048, 45.80942699900004], [13.920238, 45.804178499000045], [13.926557, 45.799934499000074], [13.934192834000044, 45.79302072400003], [13.949790976000031, 45.78870623000006], [13.957437, 45.78928349900008], [13.957989, 45.786702999000056], [13.967848, 45.78386799900005], [13.978490500000078, 45.77997749900004], [13.992402500000026, 45.77396499900004], [13.998515892000057, 45.76917731200007], [13.995938, 45.76617549900004], [14.006482001000052, 45.766902049000066], [14.008641946000068, 45.76917731200007], [14.011116686000037, 45.77178406200005], [14.019080235000047, 45.77237377200004], [14.025839776000055, 45.76917731200007], [14.042371500000058, 45.76135899900004], [14.047683, 45.75351649900006], [14.054015500000048, 45.75149949900003], [14.073831614000028, 45.749360755000055], [14.078337, 45.74701899900003], [14.085946754000076, 45.74131588000006], [14.085946754000076, 45.74099593200003], [14.083473901000048, 45.73846397900007], [14.085946754000076, 45.73374054300007], [14.09313873700006, 45.73157217500005], [14.090848196000024, 45.72841222800008], [14.095383995000077, 45.72501084400005], [14.09933, 45.71626799900008], [14.099432500000034, 45.715827999000055], [14.09510791200006, 45.709725787000025], [14.085946754000076, 45.71041613500006], [14.080619270000057, 45.710817589000044], [14.073831614000028, 45.707679581000036], [14.067097500000045, 45.68623199900003], [14.068508872000052, 45.68355163900003], [14.073831614000028, 45.682428892000075], [14.07787113300003, 45.681539462000046], [14.079870500000027, 45.67696199900007], [14.078521500000022, 45.67116949900003], [14.079254380000066, 45.66502014300005], [14.073831614000028, 45.65474811800004], [14.078639876000068, 45.654003972000055], [14.085946754000076, 45.648407244000055], [14.086333500000023, 45.64811099900004], [14.087329167000064, 45.64107935900006], [14.091948541000022, 45.63628973800007], [14.085946754000076, 45.63297068300005], [14.083164500000066, 45.63143199900003], [14.085946754000076, 45.63018574800003], [14.09722750000003, 45.625132499000074], [14.097067500000037, 45.61598249900004], [14.09972695600004, 45.612700801000074], [14.101615349000042, 45.61179666800007], [14.112423, 45.608539499000074], [14.115561, 45.60676999900005], [14.106376413000078, 45.59758894200007], [14.101615349000042, 45.59454681500006], [14.092036, 45.58842549900004], [14.094422310000027, 45.586829271000056], [14.092603929000063, 45.58014667600003], [14.09505050000007, 45.57507649900003], [14.093357500000025, 45.57078099900008], [14.100136409000072, 45.56764547100005], [14.101615349000042, 45.56880556300007], [14.106490500000064, 45.57262949900007], [14.118231500000036, 45.56985699900008], [14.113480593000077, 45.56431145600004], [14.111929974000077, 45.55338603400003], [14.102997661000074, 45.54790619900007], [14.101615349000042, 45.54386604600006], [14.101135500000055, 45.542463499000064], [14.101615349000042, 45.54252166900005], [14.101575187000037, 45.53202618700004], [14.092229906000057, 45.52299604400008], [14.090542, 45.516470999000035], [14.094429133000062, 45.517913399000065], [14.101615349000042, 45.51699033600005], [14.103598078000061, 45.51673565400006], [14.114286893000042, 45.50745623800003], [14.124678, 45.51391949900005], [14.123607418000063, 45.50607520400007], [14.12522043100006, 45.50251307800005], [14.129435755000031, 45.49268634300006], [14.127411438000024, 45.48848079700008], [14.12522043100006, 45.483928598000034], [14.118196500000067, 45.48123899900003], [14.111284500000068, 45.482335499000044], [14.101615349000042, 45.48218125400007], [14.091635773000064, 45.48202205600006], [14.085946754000076, 45.48280784700006], [14.073831614000028, 45.48448120200004], [14.066776121000032, 45.48848079700008], [14.05049832800006, 45.49770721500005], [14.042079752000063, 45.499208675000034], [14.011006500000065, 45.51988049900007], [14.001949500000023, 45.52006249900006], [13.997867530000065, 45.51541152900006], [14.000719358000026, 45.50847466100004], [13.988517709000064, 45.50955246500007], [13.975692429000048, 45.51473462300004], [13.962175500000058, 45.50601349900006], [13.965809156000034, 45.49691377900007], [13.978742880000027, 45.49276620300003], [13.984336940000048, 45.48848079700008], [13.99099175200007, 45.48338236300003], [13.986980500000072, 45.48097499900007], [13.995797499000048, 45.47253102700006], [13.986143070000026, 45.46904385700003], [13.985808246000033, 45.45734613600007], [13.971889727000075, 45.449136356000054], [13.970718, 45.44759449900005], [13.968065134000028, 45.449136356000054], [13.956978500000048, 45.455579499000066], [13.94669650000003, 45.45647849900007], [13.94405, 45.454176999000026], [13.925826, 45.45389249900006], [13.909168500000021, 45.451189999000064], [13.909732370000029, 45.449136356000054], [13.906660617000057, 45.446304388000044], [13.901757, 45.444218499000044], [13.891495386000031, 45.43607680900004], [13.887097500000039, 45.425872999000035], [13.862737626000069, 45.427396429000055], [13.856134781000037, 45.426158808000025], [13.850872, 45.43256749900007], [13.839625500000068, 45.434262999000055], [13.81494250000003, 45.434325999000066], [13.814571500000056, 45.436040999000056], [13.81517, 45.43760749900008], [13.814159500000073, 45.44098599900008], [13.802864, 45.444064499000035], [13.80482388200005, 45.449136356000054], [13.806365, 45.45346549900006], [13.804680146000067, 45.45856268600005], [13.786156500000061, 45.46643049900007], [13.776189116000069, 45.46450219500008], [13.763928, 45.466112999000075], [13.752495636000049, 45.46085414000004], [13.724335, 45.459002499000064], [13.724936238000055, 45.456181213000036], [13.722140357000058, 45.45590266800008], [13.709609141000044, 45.452821682000035], [13.706165089000024, 45.456592141000044], [13.690859698000054, 45.449136356000054], [13.676103496000053, 45.442867636000074], [13.673852643000032, 45.44388941700004], [13.670265, 45.44551799900006], [13.665664, 45.446862499000076], [13.662910300000021, 45.449136356000054], [13.651296, 45.45405499900005], [13.647752, 45.457358999000064], [13.641818800000067, 45.459587458000044], [13.613984, 45.464668999000025], [13.601362528000038, 45.46791646300005], [13.58726712400005, 45.47736435500008], [13.592397299000027, 45.486304836000045], [13.58552811100003, 45.49767888500003], [13.587113, 45.50012799900003], [13.594336, 45.50281999900005], [13.594786500000055, 45.50711749900006], [13.592270558000052, 45.512651823000056], [13.577833631000033, 45.51538431700004], [13.573042565000037, 45.51441609800003], [13.56857750000006, 45.51741549900004], [13.565385864000064, 45.52968988500004], [13.57526050000007, 45.527979499000025], [13.580658228000061, 45.52574961300007], [13.594553500000075, 45.52634899900005], [13.599554171000023, 45.52580674200004], [13.60634015900007, 45.528516687000035], [13.606423200000052, 45.531084425000074], [13.601426853000078, 45.53260329700004], [13.602179686000056, 45.53637288700003], [13.615647500000023, 45.539885499000036], [13.629149461000054, 45.53384624900008], [13.639831, 45.533059999000045], [13.646352500000035, 45.53321199900006], [13.65667135700005, 45.535482873000035], [13.657268776000024, 45.541587279000055], [13.669264226000053, 45.53933451000006], [13.673852643000032, 45.54198319100004], [13.679970581000077, 45.54551460000005], [13.693405, 45.54791249900006], [13.708159286000068, 45.54675161700004], [13.719114283000067, 45.54360388200007], [13.732597765000037, 45.55121469900007], [13.732468049000033, 45.55625603100003], [13.741303, 45.55769999900008], [13.741046, 45.55805399900004], [13.733904395000025, 45.559376099000076], [13.733709302000022, 45.561434828000074], [13.736086139000065, 45.56427466000008], [13.745909234000067, 45.565534193000076], [13.745515573000034, 45.56949646400005], [13.722140357000058, 45.58237807900008], [13.713211328000057, 45.58460511200008], [13.704009323000037, 45.59046452200005], [13.70899946000003, 45.59334858700004], [13.722140357000058, 45.59178132400007], [13.722823500000061, 45.59472549900005], [13.735409, 45.596223499000075], [13.736701500000038, 45.596332999000026], [13.747125790000041, 45.597519334000026], [13.756757, 45.593898499000034], [13.764869500000032, 45.59017449900006], [13.782200500000044, 45.58386499900007], [13.793691, 45.58264399900003], [13.798599, 45.58211649900005], [13.821810500000026, 45.58168549900006], [13.822740500000066, 45.58174899900007], [13.838757190000024, 45.58228337600008], [13.850792009000031, 45.58497056600004], [13.850660251000022, 45.58867369700005], [13.852752500000065, 45.590471499000046], [13.856134781000037, 45.592331846000036], [13.865890309000065, 45.59769730700003], [13.869779911000023, 45.609060974000045], [13.876734500000055, 45.61084899900004], [13.885364500000037, 45.61507449900006], [13.897934500000076, 45.62108949900005], [13.904909, 45.624460499000065], [13.918081422000057, 45.63320347800004], [13.898598, 45.64341249900008], [13.898326, 45.643466499000056], [13.875904486000024, 45.65397680400008], [13.860985028000073, 45.663648488000035], [13.856134781000037, 45.66873926000005], [13.848808, 45.67642849900005], [13.844541230000061, 45.68106436700003], [13.833877749000067, 45.68726480000004], [13.832612, 45.68952999900006], [13.83247, 45.689876999000035], [13.831791531000022, 45.69420210100003], [13.835259909000058, 45.699215475000074], [13.833623072000023, 45.70694236500003], [13.829245, 45.71184049900006], [13.826315500000021, 45.71471299900003], [13.823524500000076, 45.71627649900006], [13.816366, 45.72028649900005], [13.810756500000025, 45.72329949900006], [13.795683500000052, 45.74320449900006], [13.789371500000073, 45.74624999900004], [13.788563500000066, 45.746596999000076], [13.785859, 45.747744999000076], [13.767425412000023, 45.75056691300006], [13.762278, 45.75622599900004], [13.744666566000035, 45.75596604200007], [13.735061365000035, 45.760265867000044], [13.735969565000062, 45.762534766000044], [13.730588500000067, 45.76609949900006], [13.721295500000053, 45.76931549900007], [13.719556500000067, 45.770285999000066], [13.714027500000043, 45.77230649900008], [13.710002, 45.77404149900008], [13.708288500000037, 45.77501949900005], [13.704535500000077, 45.77716949900008], [13.700835, 45.77928899900007], [13.680079298000067, 45.79316752200003], [13.673852643000032, 45.79299564100006], [13.668453487000022, 45.79895345700004], [13.65810650000003, 45.80036299900007], [13.657217, 45.800242999000034], [13.639724140000055, 45.79853327600006], [13.636143855000057, 45.80070192000005], [13.624804055000027, 45.79680647300006], [13.622149642000068, 45.80023174300004], [13.604664590000027, 45.804018787000075], [13.596243, 45.80793749900005], [13.597145, 45.81952249900007], [13.607659500000068, 45.81958049900004], [13.611905, 45.81911949900007], [13.61419, 45.819344999000066], [13.620029500000044, 45.819469499000036], [13.62284950000003, 45.81888249900004], [13.625466500000073, 45.81921999900004], [13.630681500000037, 45.819093499000076], [13.634725, 45.81951999900008], [13.642727, 45.81977599900006], [13.650255, 45.81696899900004], [13.65687, 45.815867999000034], [13.661692500000072, 45.81599649900005], [13.673852643000032, 45.81606910900007], [13.682459, 45.81612049900008], [13.689246, 45.83402349900007], [13.689528, 45.834831499000074], [13.689734, 45.83494249900008], [13.702567, 45.83520999900003], [13.715965, 45.84317149900005], [13.71887892500007, 45.856449732000044], [13.715857, 45.86351399900008], [13.722140357000058, 45.86186598900008], [13.735396, 45.85951249900006], [13.74211850000006, 45.85820049900008], [13.755558, 45.851938999000026], [13.765226522000034, 45.84800365500007], [13.771515500000078, 45.84096499900005], [13.771631500000069, 45.840948499000035], [13.774548500000037, 45.84060199900006], [13.776540693000072, 45.84039241700003], [13.782987890000072, 45.83800509100007], [13.786370678000026, 45.83643167500003]]]]}}]}